gfx,cu_num,token,model_dim,inter_dim,expert,topk,act_type,dtype,q_dtype_a,q_dtype_w,q_type,use_g1u1,doweight_stage1,block_m,ksplit,us1,kernelName1,err1,us2,kernelName2,err2,us,run_1stage,xbf16,flat,tflops,bw,_tag
gfx950,256,1,6144,2048,257,9,ActivationType.Silu,torch.bfloat16,torch.float4_e2m1fn_x2,torch.float4_e2m1fn_x2,QuantType.per_1x32,1,0,32,0,23.1763,flydsl_moe1_afp4_wfp4_bf16_t32x128x256_w2_fp4,0.9%,16.8433,flydsl_moe2_afp4_wfp4_bf16_t32x128x256_reduce_bnt2_persist,1.4%,40.0196,0,0,0,16.98,242417.31,
gfx950,256,2,6144,2048,257,9,ActivationType.Silu,torch.bfloat16,torch.float4_e2m1fn_x2,torch.float4_e2m1fn_x2,QuantType.per_1x32,1,0,32,0,42.6271,flydsl_moe1_afp4_wfp4_bf16_t32x32x256_w3_xcd4_kw4_fp4,0.9%,26.848,flydsl_moe2_afp4_wfp4_bf16_t32x128x256_reduce,1.5%,69.4751,0,0,0,19.56,139639.41,
gfx950,256,4,6144,2048,257,9,ActivationType.Silu,torch.bfloat16,torch.float4_e2m1fn_x2,torch.float4_e2m1fn_x2,QuantType.per_1x32,1,0,32,0,73.3988,flydsl_moe1_afp4_wfp4_bf16_t32x32x256_w3_kw2_fp4,0.8%,44.5249,flydsl_moe2_afp4_wfp4_bf16_t32x128x256_reduce_bnt2,1.6%,117.9237,0,0,0,23.05,82269.29,
gfx950,256,8,6144,2048,257,9,ActivationType.Silu,torch.bfloat16,torch.float4_e2m1fn_x2,torch.float4_e2m1fn_x2,QuantType.per_1x32,1,0,32,0,134.2371,flydsl_moe1_afp4_wfp4_bf16_t32x128x256_w3,0.0%,75.9134,flydsl_moe2_afp4_wfp4_bf16_t32x128x256_reduce_bnt2,1.5%,210.1505,0,0,0,25.87,46164.88,
gfx950,256,16,6144,2048,257,9,ActivationType.Silu,torch.bfloat16,torch.float4_e2m1fn_x2,torch.float4_e2m1fn_x2,QuantType.per_1x32,1,0,32,0,233.4281,flydsl_moe1_afp4_wfp4_bf16_t32x64x256_w3,0.0%,127.2874,flydsl_moe2_afp4_wfp4_bf16_t32x128x256_atomic_persist,6.3%,360.7155,0,0,0,30.14,26895.77,
gfx950,256,32,6144,2048,257,9,ActivationType.Silu,torch.bfloat16,torch.float4_e2m1fn_x2,torch.float4_e2m1fn_x2,QuantType.per_1x32,1,0,64,0,351.1481,flydsl_moe1_afp4_wfp4_bf16_t64x128x256_w3_fp4,0.8%,193.5721,flydsl_moe2_afp4_wfp4_bf16_t64x128x256_reduce_persist,1.5%,544.7202,0,0,0,39.92,17811.01,
gfx950,256,64,6144,2048,257,9,ActivationType.Silu,torch.bfloat16,torch.float4_e2m1fn_x2,torch.float4_e2m1fn_x2,QuantType.per_1x32,1,0,32,0,458.17,flydsl_moe1_afp4_wfp4_bf16_t32x32x256_w2_kw4,0.0%,249.3472,flydsl_moe2_afp4_wfp4_bf16_t32x128x128_atomic_persist,6.2%,707.5172,0,0,0,61.46,13713.6,
gfx950,256,128,6144,2048,257,9,ActivationType.Silu,torch.bfloat16,torch.float4_e2m1fn_x2,torch.float4_e2m1fn_x2,QuantType.per_1x32,1,0,32,0,513.8856000000001,flydsl_moe1_afp4_wfp4_bf16_t32x64x256_w2,0.0%,276.6438,flydsl_moe2_afp4_wfp4_bf16_t32x128x256_atomic,6.2%,790.5294,0,0,0,110.02,12275.05,
gfx950,256,256,6144,2048,257,9,ActivationType.Silu,torch.bfloat16,torch.float4_e2m1fn_x2,torch.float4_e2m1fn_x2,QuantType.per_1x32,1,0,64,0,522.8823,flydsl_moe1_afp4_wfp4_bf16_t64x128x256_w4_fp4,0.8%,287.7902,flydsl_moe2_afp4_wfp4_bf16_t64x128x256_atomic_bnt2_persist,6.3%,810.6725,0,0,0,214.57,11972.95,
gfx950,256,512,6144,2048,257,9,ActivationType.Silu,torch.bfloat16,torch.float4_e2m1fn_x2,torch.float4_e2m1fn_x2,QuantType.per_1x32,1,0,64,0,531.5599,flydsl_moe1_afp4_wfp4_bf16_t64x128x256_w2_fp4,0.8%,291.8145,flydsl_moe2_afp4_wfp4_bf16_t64x128x256_atomic_bnt2_persist,6.3%,823.3744,0,0,0,422.52,11793.98,
gfx950,256,1024,6144,2048,257,9,ActivationType.Silu,torch.bfloat16,torch.float4_e2m1fn_x2,torch.float4_e2m1fn_x2,QuantType.per_1x32,1,0,64,0,544.8517,flydsl_moe1_afp4_wfp4_bf16_t64x128x256_w2_fp4,0.8%,320.5397,flydsl_moe2_afp4_wfp4_bf16_t64x128x128_atomic_bnt2_persist,6.3%,865.3914,0,0,0,804.01,11232.26,
gfx950,256,2048,6144,2048,257,9,ActivationType.Silu,torch.bfloat16,torch.float4_e2m1fn_x2,torch.float4_e2m1fn_x2,QuantType.per_1x32,1,0,128,0,665.9407,flydsl_moe1_afp4_wfp4_bf16_t128x128x256_w4,0.0%,439.9808,flydsl_moe2_afp4_wfp4_bf16_t128x128x256_atomic_bnt2_persist,6.3%,1105.9215,0,0,0,1258.29,8806.39,
gfx950,256,4096,6144,2048,257,9,ActivationType.Silu,torch.bfloat16,torch.float4_e2m1fn_x2,torch.float4_e2m1fn_x2,QuantType.per_1x32,1,0,64,0,978.5945,flydsl_moe1_afp4_wfp4_bf16_t64x128x256_w2_bnt0,0.0%,784.0105,flydsl_moe2_afp4_wfp4_bf16_t64x128x128_atomic_bnt2_persist,6.3%,1762.605,0,0,0,1578.99,5546.86,
gfx950,256,8192,6144,2048,257,9,ActivationType.Silu,torch.bfloat16,torch.float4_e2m1fn_x2,torch.float4_e2m1fn_x2,QuantType.per_1x32,1,0,128,0,1505.6979,flydsl_moe1_afp4_wfp4_bf16_t128x128x256_w3_bnt0_xcd4,0.0%,1262.4143,flydsl_moe2_afp4_wfp4_bf16_t128x128x128_atomic_bnt2,6.3%,2768.1122,0,0,0,2010.86,3559.26,
gfx950,256,16384,6144,2048,257,9,ActivationType.Silu,torch.bfloat16,torch.float4_e2m1fn_x2,torch.float4_e2m1fn_x2,QuantType.per_1x32,1,0,128,0,2394.5774,flydsl_moe1_afp4_wfp4_bf16_t128x128x256_w3_bnt0_xcd4,0.0%,2118.576,flydsl_moe2_afp4_wfp4_bf16_t128x128x256_atomic_bnt2_persist,6.3%,4513.1534,0,0,0,2466.69,2216.5,
gfx950,256,32768,6144,2048,257,9,ActivationType.Silu,torch.bfloat16,torch.float4_e2m1fn_x2,torch.float4_e2m1fn_x2,QuantType.per_1x32,1,0,128,0,4390.8457,flydsl_moe1_afp4_wfp4_bf16_t128x128x256_w3_bnt0_xcd4,0.0%,4142.7559,flydsl_moe2_afp4_wfp4_bf16_t128x128x128_atomic,6.3%,8533.6016,0,0,0,2609.11,1207.63,
gfx950,256,1,6144,1024,257,9,ActivationType.Silu,torch.bfloat16,torch.float4_e2m1fn_x2,torch.float4_e2m1fn_x2,QuantType.per_1x32,1,0,32,0,18.5303,flydsl_moe1_afp4_wfp4_bf16_t32x32x256_w2_kw2,0.0%,11.8251,flydsl_moe2_afp4_wfp4_bf16_t32x128x256_reduce_bnt2_xcd4,0.4%,30.3554,0,0,0,11.19,159797.96,
gfx950,256,2,6144,1024,257,9,ActivationType.Silu,torch.bfloat16,torch.float4_e2m1fn_x2,torch.float4_e2m1fn_x2,QuantType.per_1x32,1,0,32,0,26.0253,flydsl_moe1_afp4_wfp4_bf16_t32x128x256_w4,0.0%,16.8432,flydsl_moe2_afp4_wfp4_bf16_t32x256x256_reduce,0.4%,42.8685,0,0,0,15.85,113154.17,
gfx950,256,4,6144,1024,257,9,ActivationType.Silu,torch.bfloat16,torch.float4_e2m1fn_x2,torch.float4_e2m1fn_x2,QuantType.per_1x32,1,0,32,0,45.770500000000006,flydsl_moe1_afp4_wfp4_bf16_t32x64x256_w4_xcd4,0.0%,24.9613,flydsl_moe2_afp4_wfp4_bf16_t32x128x256_reduce_bnt2,0.5%,70.7318,0,0,0,19.21,68579.99,
gfx950,256,8,6144,1024,257,9,ActivationType.Silu,torch.bfloat16,torch.float4_e2m1fn_x2,torch.float4_e2m1fn_x2,QuantType.per_1x32,1,0,32,0,70.93090000000001,flydsl_moe1_afp4_wfp4_bf16_t32x128x256_w2,0.0%,41.4835,flydsl_moe2_afp4_wfp4_bf16_t32x128x256_reduce,0.5%,112.4144,0,0,0,24.18,43151.59,
gfx950,256,16,6144,1024,257,9,ActivationType.Silu,torch.bfloat16,torch.float4_e2m1fn_x2,torch.float4_e2m1fn_x2,QuantType.per_1x32,1,0,64,0,120.0689,flydsl_moe1_afp4_wfp4_bf16_t64x128x256_w3_fp4,0.9%,67.7614,flydsl_moe2_afp4_wfp4_bf16_t64x128x256_reduce_bnt2,0.6%,187.8303,0,0,0,28.94,25826.54,
gfx950,256,32,6144,1024,257,9,ActivationType.Silu,torch.bfloat16,torch.float4_e2m1fn_x2,torch.float4_e2m1fn_x2,QuantType.per_1x32,1,0,32,0,186.3168,flydsl_moe1_afp4_wfp4_bf16_t32x128x256_w4,0.0%,101.8728,flydsl_moe2_afp4_wfp4_bf16_t32x128x256_reduce_bnt2_persist,0.6%,288.1896,0,0,0,37.72,16833.72,
gfx950,256,64,6144,1024,257,9,ActivationType.Silu,torch.bfloat16,torch.float4_e2m1fn_x2,torch.float4_e2m1fn_x2,QuantType.per_1x32,1,0,32,0,238.3794,flydsl_moe1_afp4_wfp4_bf16_t32x64x256_w3_fp4,0.8%,133.0382,flydsl_moe2_afp4_wfp4_bf16_t32x128x256_atomic_persist,3.9%,371.4176,0,0,0,58.54,13063.17,
gfx950,256,128,6144,1024,257,9,ActivationType.Silu,torch.bfloat16,torch.float4_e2m1fn_x2,torch.float4_e2m1fn_x2,QuantType.per_1x32,1,0,32,0,255.7691,flydsl_moe1_afp4_wfp4_bf16_t32x128x256_fp4,0.8%,145.4351,flydsl_moe2_afp4_wfp4_bf16_t32x128x256_atomic_bnt2_persist,4.0%,401.2042,0,0,0,108.39,12096.26,
gfx950,256,256,6144,1024,257,9,ActivationType.Silu,torch.bfloat16,torch.float4_e2m1fn_x2,torch.float4_e2m1fn_x2,QuantType.per_1x32,1,0,32,0,268.7419,flydsl_moe1_afp4_wfp4_bf16_t32x64x256_w4_fp4,0.8%,151.0036,flydsl_moe2_afp4_wfp4_bf16_t32x128x128_atomic,4.0%,419.7455,0,0,0,207.2,11567.56,
gfx950,256,512,6144,1024,257,9,ActivationType.Silu,torch.bfloat16,torch.float4_e2m1fn_x2,torch.float4_e2m1fn_x2,QuantType.per_1x32,1,0,32,0,273.4661,flydsl_moe1_afp4_wfp4_bf16_t32x64x256_w4_fp4,0.8%,161.6771,flydsl_moe2_afp4_wfp4_bf16_t32x256x128_atomic,4.0%,435.1432,0,0,0,399.74,11169.08,
gfx950,256,1024,6144,1024,257,9,ActivationType.Silu,torch.bfloat16,torch.float4_e2m1fn_x2,torch.float4_e2m1fn_x2,QuantType.per_1x32,1,0,64,0,297.8267,flydsl_moe1_afp4_wfp4_bf16_t64x64x256_w3,0.0%,179.8705,flydsl_moe2_afp4_wfp4_bf16_t64x128x256_atomic_bnt2,4.0%,477.6972,0,0,0,728.27,10193.88,
gfx950,256,2048,6144,1024,257,9,ActivationType.Silu,torch.bfloat16,torch.float4_e2m1fn_x2,torch.float4_e2m1fn_x2,QuantType.per_1x32,1,0,128,0,359.0518,flydsl_moe1_afp4_wfp4_bf16_t128x128x256_w4,0.0%,281.6555,flydsl_moe2_afp4_wfp4_bf16_t64x128x256_atomic_bnt2_sbm128,4.0%,640.7073,0,0,0,1085.96,7629.79,
gfx950,256,4096,6144,1024,257,9,ActivationType.Silu,torch.bfloat16,torch.float4_e2m1fn_x2,torch.float4_e2m1fn_x2,QuantType.per_1x32,1,0,64,0,500.0051,flydsl_moe1_afp4_wfp4_bf16_t64x128x256_w4_bnt0,0.0%,460.2597,flydsl_moe2_afp4_wfp4_bf16_t64x128x256_atomic_bnt2,4.0%,960.2648,0,0,0,1449.15,5130.05,
gfx950,256,8192,6144,1024,257,9,ActivationType.Silu,torch.bfloat16,torch.float4_e2m1fn_x2,torch.float4_e2m1fn_x2,QuantType.per_1x32,1,0,128,0,750.913,flydsl_moe1_afp4_wfp4_bf16_t128x128x256_w4,0.0%,850.9769,flydsl_moe2_afp4_wfp4_bf16_t64x128x256_atomic_persist_sbm128,4.0%,1601.8899,0,0,0,1737.41,3122.38,
gfx950,256,16384,6144,1024,257,9,ActivationType.Silu,torch.bfloat16,torch.float4_e2m1fn_x2,torch.float4_e2m1fn_x2,QuantType.per_1x32,1,0,128,0,1295.9968,flydsl_moe1_afp4_wfp4_bf16_t128x128x256_w4,0.0%,1598.6393,flydsl_moe2_afp4_wfp4_bf16_t128x128x256_atomic_xcd4_persist,4.0%,2894.6361,0,0,0,1922.96,1780.09,
gfx950,256,32768,6144,1024,257,9,ActivationType.Silu,torch.bfloat16,torch.float4_e2m1fn_x2,torch.float4_e2m1fn_x2,QuantType.per_1x32,1,0,128,0,2423.733,flydsl_moe1_afp4_wfp4_bf16_t128x128x256_w4,0.0%,3023.9599,flydsl_moe2_afp4_wfp4_bf16_t128x128x256_reduce_bnt2_xcd4_persist,0.6%,5447.6929,0,0,0,2043.54,1001.28,
gfx950,256,1,6144,512,257,9,ActivationType.Silu,torch.bfloat16,torch.float4_e2m1fn_x2,torch.float4_e2m1fn_x2,QuantType.per_1x32,1,0,16,0,25.0214,flydsl_mxmoe_g1_a4w4_16x256x256_f16in_nt,0.012927,0,flydsl_mxmoe_g2_a4w4_16x256x256_atomic,0.012927,25.0214,0,0,0,0,0
gfx950,256,2,6144,512,257,9,ActivationType.Silu,torch.bfloat16,torch.float4_e2m1fn_x2,torch.float4_e2m1fn_x2,QuantType.per_1x32,1,0,16,0,28.288,flydsl_mxmoe_g1_a4w4_16x256x256_f16in_nt,0.0,0,flydsl_mxmoe_g2_a4w4_16x256x256_atomic,0.0,28.288,0,0,0,0,0,
gfx950,256,4,6144,512,257,9,ActivationType.Silu,torch.bfloat16,torch.float4_e2m1fn_x2,torch.float4_e2m1fn_x2,QuantType.per_1x32,1,0,16,0,35.8483,flydsl_mxmoe_g1_a4w4_16x256x256_f16in_nt,0.0,0,flydsl_mxmoe_g2_a4w4_16x256x256_atomic,0.0,35.8483,0,0,0,0,0,
gfx950,256,8,6144,512,257,9,ActivationType.Silu,torch.bfloat16,torch.float4_e2m1fn_x2,torch.float4_e2m1fn_x2,QuantType.per_1x32,1,0,16,0,68.086,flydsl_mxmoe_g1_a4w4_16x256x256_f16in_nt,0.012029,0,flydsl_mxmoe_g2_a4w4_16x256x256_atomic,0.012029,68.086,0,0,0,0,0
gfx950,256,16,6144,512,257,9,ActivationType.Silu,torch.bfloat16,torch.float4_e2m1fn_x2,torch.float4_e2m1fn_x2,QuantType.per_1x32,1,0,16,0,92.4056,flydsl_mxmoe_g1_a4w4_16x256x256_f16in_nt,0.011944,0,flydsl_moe2_layout_afp4_wfp4_bf16_t16x128x128_atomic_sbm16,0.011944,92.4056,0,0,0,0,0
gfx950,256,32,6144,512,257,9,ActivationType.Silu,torch.bfloat16,torch.float4_e2m1fn_x2,torch.float4_e2m1fn_x2,QuantType.per_1x32,1,0,16,0,137.6164,flydsl_mxmoe_g1_a4w4_16x256x256_f16in_nt,0.011954,0,flydsl_moe2_layout_afp4_wfp4_bf16_t16x128x128_atomic_sbm16,0.011954,137.6164,0,0,0,0,0
gfx950,256,64,6144,512,257,9,ActivationType.Silu,torch.bfloat16,torch.float4_e2m1fn_x2,torch.float4_e2m1fn_x2,QuantType.per_1x32,1,0,16,0,185.5784,flydsl_mxmoe_g1_a4w4_16x256x256_f16in_nt,0.011692,0,flydsl_moe2_layout_afp4_wfp4_bf16_t16x128x256_atomic_sbm16,0.011692,185.5784,0,0,0,0,0
gfx950,256,128,6144,512,257,9,ActivationType.Silu,torch.bfloat16,torch.float4_e2m1fn_x2,torch.float4_e2m1fn_x2,QuantType.per_1x32,1,0,16,0,204.9951,flydsl_mxmoe_g1_a4w4_16x256x256_f16in_nt,0.011749,0,flydsl_moe2_layout_afp4_wfp4_bf16_t16x128x256_atomic_sbm16,0.011749,204.9951,0,0,0,0,0
gfx950,256,256,6144,512,257,9,ActivationType.Silu,torch.bfloat16,torch.float4_e2m1fn_x2,torch.float4_e2m1fn_x2,QuantType.per_1x32,1,0,16,0,228.954,flydsl_mxmoe_g1_a4w4_16x256x256_f16in_nt,0.011754,0,flydsl_moe2_layout_afp4_wfp4_bf16_t16x128x256_atomic_sbm16,0.011754,228.954,0,0,0,0,0
gfx950,256,512,6144,512,257,9,ActivationType.Silu,torch.bfloat16,torch.float4_e2m1fn_x2,torch.float4_e2m1fn_x2,QuantType.per_1x32,1,0,32,0,248.6114,flydsl_mxmoe_g1_a4w4_32x256x256_nt,0.011785,0,flydsl_moe2_layout_afp4_wfp4_bf16_t32x256x256_atomic_sbm32,0.011785,248.6114,0,0,0,0,0
gfx950,256,1024,6144,512,257,9,ActivationType.Silu,torch.bfloat16,torch.float4_e2m1fn_x2,torch.float4_e2m1fn_x2,QuantType.per_1x32,1,0,64,0,303.675,flydsl_mxmoe_g1_a4w4_64x256x256,0.011713,0,flydsl_moe2_layout_afp4_wfp4_bf16_t64x128x256_atomic_sbm64,0.011713,303.675,0,0,0,0,0
gfx950,256,2048,6144,512,257,9,ActivationType.Silu,torch.bfloat16,torch.float4_e2m1fn_x2,torch.float4_e2m1fn_x2,QuantType.per_1x32,1,0,128,0,419.7073,flydsl_mxmoe_g1_a4w4_128x256x256,0.011733,0,flydsl_mxmoe_g2_a4w4_128x256x256_f4out,0.011733,419.7073,0,0,0,0,0
gfx950,256,4096,6144,512,257,9,ActivationType.Silu,torch.bfloat16,torch.float4_e2m1fn_x2,torch.float4_e2m1fn_x2,QuantType.per_1x32,1,0,64,0,666.3331,flydsl_mxmoe_g1_a4w4_64x256x256,0.011725,0,flydsl_moe2_layout_afp4_wfp4_bf16_t64x128x256_reduce_persist_sbm64,0.011725,666.3331,0,0,0,0,0
gfx950,256,8192,6144,512,257,9,ActivationType.Silu,torch.bfloat16,torch.float4_e2m1fn_x2,torch.float4_e2m1fn_x2,QuantType.per_1x32,1,0,128,0,952.8138,flydsl_mxmoe_g1_a4w4_128x256x256,0.011728,0,flydsl_mxmoe_g2_a4w4_128x256x256_f4out,0.011728,952.8138,0,0,0,0,0
gfx950,256,16384,6144,512,257,9,ActivationType.Silu,torch.bfloat16,torch.float4_e2m1fn_x2,torch.float4_e2m1fn_x2,QuantType.per_1x32,1,0,128,0,1439.8574,flydsl_mxmoe_g1_a4w4_128x256x256,0.0,0,flydsl_mxmoe_g2_a4w4_128x256x256_f4out,0.0,1439.8574,0,0,0,0,0,
gfx950,256,32768,6144,512,257,9,ActivationType.Silu,torch.bfloat16,torch.float4_e2m1fn_x2,torch.float4_e2m1fn_x2,QuantType.per_1x32,1,0,128,0,2623.9228,flydsl_mxmoe_g1_a4w4_128x256x256,0.0,0,flydsl_mxmoe_g2_a4w4_128x256x256,0.0,2623.9228,0,0,0,0,0,
gfx950,256,1,6144,256,257,9,ActivationType.Silu,torch.bfloat16,torch.float4_e2m1fn_x2,torch.float4_e2m1fn_x2,QuantType.per_1x32,1,0,16,0,22.4667,flydsl_mxmoe_g1_a4w4_16x256x256_f16in_nt,0.012198,0,flydsl_moe2_layout_afp4_wfp4_bf16_t16x128x128_atomic_sbm16,0.012198,22.4667,0,0,0,0,0,
gfx950,256,2,6144,256,257,9,ActivationType.Silu,torch.bfloat16,torch.float4_e2m1fn_x2,torch.float4_e2m1fn_x2,QuantType.per_1x32,1,0,16,0,25.1345,flydsl_mxmoe_g1_a4w4_16x256x256_f16in_nt,0.013397,0,flydsl_mxmoe_g2_a4w4_16x256x256_atomic,0.013397,25.1345,0,0,0,0,0,
gfx950,256,4,6144,256,257,9,ActivationType.Silu,torch.bfloat16,torch.float4_e2m1fn_x2,torch.float4_e2m1fn_x2,QuantType.per_1x32,1,0,16,0,27.3677,flydsl_mxmoe_g1_a4w4_16x256x256_f16in_nt,0.012427,0,flydsl_mxmoe_g2_a4w4_16x256x256_atomic,0.012427,27.3677,0,0,0,0,0,
gfx950,256,8,6144,256,257,9,ActivationType.Silu,torch.bfloat16,torch.float4_e2m1fn_x2,torch.float4_e2m1fn_x2,QuantType.per_1x32,1,0,16,0,36.081,flydsl_mxmoe_g1_a4w4_16x256x256_f16in_nt,0.011902,0,flydsl_mxmoe_g2_a4w4_16x256x256_atomic,0.011902,36.081,0,0,0,0,0,
gfx950,256,16,6144,256,257,9,ActivationType.Silu,torch.bfloat16,torch.float4_e2m1fn_x2,torch.float4_e2m1fn_x2,QuantType.per_1x32,1,0,16,0,49.3024,flydsl_mxmoe_g1_a4w4_16x256x256_f16in_nt,0.0118,0,flydsl_moe2_layout_afp4_wfp4_bf16_t16x128x256_atomic_nt_sbm16,0.0118,49.3024,0,0,0,0,0,
gfx950,256,32,6144,256,257,9,ActivationType.Silu,torch.bfloat16,torch.float4_e2m1fn_x2,torch.float4_e2m1fn_x2,QuantType.per_1x32,1,0,16,0,77.345,flydsl_mxmoe_g1_a4w4_16x256x256_f16in_nt,0.011633,0,flydsl_mxmoe_g2_a4w4_16x256x256_atomic,0.011633,77.345,0,0,0,0,0,
gfx950,256,64,6144,256,257,9,ActivationType.Silu,torch.bfloat16,torch.float4_e2m1fn_x2,torch.float4_e2m1fn_x2,QuantType.per_1x32,1,0,16,0,97.4328,flydsl_mxmoe_g1_a4w4_16x256x256_f16in_nt,0.011731,0,flydsl_moe2_layout_afp4_wfp4_bf16_t16x128x128_atomic_sbm16,0.011731,97.4328,0,0,0,0,0,
gfx950,256,128,6144,256,257,9,ActivationType.Silu,torch.bfloat16,torch.float4_e2m1fn_x2,torch.float4_e2m1fn_x2,QuantType.per_1x32,1,0,16,0,106.4911,flydsl_mxmoe_g1_a4w4_16x256x256_f16in_nt,0.011796,0,flydsl_mxmoe_g2_a4w4_16x256x256_atomic,0.011796,106.4911,0,0,0,0,0,
gfx950,256,256,6144,256,257,9,ActivationType.Silu,torch.bfloat16,torch.float4_e2m1fn_x2,torch.float4_e2m1fn_x2,QuantType.per_1x32,1,0,16,0,128.1449,flydsl_mxmoe_g1_a4w4_16x256x256_f16in_nt,0.01182,0,flydsl_moe2_layout_afp4_wfp4_bf16_t16x256x256_atomic_sbm16,0.01182,128.1449,0,0,0,0,0,
gfx950,256,512,6144,256,257,9,ActivationType.Silu,torch.bfloat16,torch.float4_e2m1fn_x2,torch.float4_e2m1fn_x2,QuantType.per_1x32,1,0,32,0,160.0805,flydsl_mxmoe_g1_a4w4_32x256x256_nt,0.011794,0,flydsl_moe2_layout_afp4_wfp4_bf16_t32x128x256_atomic_nt_sbm32,0.011794,160.0805,0,0,0,0,0,
gfx950,256,1024,6144,256,257,9,ActivationType.Silu,torch.bfloat16,torch.float4_e2m1fn_x2,torch.float4_e2m1fn_x2,QuantType.per_1x32,1,0,64,0,205.7681,flydsl_mxmoe_g1_a4w4_64x256x256,0.011712,0,flydsl_moe2_layout_afp4_wfp4_bf16_t64x128x256_reduce_nt_sbm64,0.011712,205.7681,0,0,0,0,0,
gfx950,256,2048,6144,256,257,9,ActivationType.Silu,torch.bfloat16,torch.float4_e2m1fn_x2,torch.float4_e2m1fn_x2,QuantType.per_1x32,1,0,128,0,298.7822,flydsl_mxmoe_g1_a4w4_128x256x256,0.011717,0,flydsl_mxmoe_g2_a4w4_128x256x256,0.011717,298.7822,0,0,0,0,0,
gfx950,256,4096,6144,256,257,9,ActivationType.Silu,torch.bfloat16,torch.float4_e2m1fn_x2,torch.float4_e2m1fn_x2,QuantType.per_1x32,1,0,128,0,482.9815,flydsl_mxmoe_g1_a4w4_128x256x256,0.011735,0,flydsl_mxmoe_g2_a4w4_128x256x256,0.011735,482.9815,0,0,0,0,0,
gfx950,256,8192,6144,256,257,9,ActivationType.Silu,torch.bfloat16,torch.float4_e2m1fn_x2,torch.float4_e2m1fn_x2,QuantType.per_1x32,1,0,128,0,812.1139,flydsl_mxmoe_g1_a4w4_128x256x256,0.011712,0,flydsl_mxmoe_g2_a4w4_128x256x256_f4out,0.011712,812.1139,0,0,0,0,0,
gfx950,256,16384,6144,256,257,9,ActivationType.Silu,torch.bfloat16,torch.float4_e2m1fn_x2,torch.float4_e2m1fn_x2,QuantType.per_1x32,1,0,128,0,1369.8917,flydsl_mxmoe_g1_a4w4_128x256x256,0.011722,0,flydsl_mxmoe_g2_a4w4_128x256x256_f4out,0.011722,1369.8917,0,0,0,0,0,
gfx950,256,32768,6144,256,257,9,ActivationType.Silu,torch.bfloat16,torch.float4_e2m1fn_x2,torch.float4_e2m1fn_x2,QuantType.per_1x32,1,0,128,0,2439.4,flydsl_mxmoe_g1_a4w4_128x256x256,0.011737,0,flydsl_mxmoe_g2_a4w4_128x256x256,0.011737,2439.4,0,0,0,0,0,
