gfx,cu_num,token,model_dim,inter_dim,expert,topk,act_type,dtype,q_dtype_a,q_dtype_w,q_type,use_g1u1,doweight_stage1,block_m,ksplit,us1,kernelName1,err1,us2,kernelName2,err2,us,run_1stage,xbf16,flat,tflops,bw,_tag,nt
gfx950,256,1,4096,256,288,8,ActivationType.Silu,torch.bfloat16,torch.float4_e2m1fn_x2,torch.float4_e2m1fn_x2,QuantType.per_1x32,1,0,16,0,15.8674,flydsl_mxmoe_g1_a4w4_16x128x256_f16in_hpf_nt_xcd2,1.4%,0.0,flydsl_moe2_layout_afp4_wfp4_bf16_t16x128x128_atomic_sbm16,1.4%,15.8674,0,0,0,3.17,57097.06,,0.0
gfx950,256,2,4096,256,288,8,ActivationType.Silu,torch.bfloat16,torch.float4_e2m1fn_x2,torch.float4_e2m1fn_x2,QuantType.per_1x32,1,0,16,0,16.7019,flydsl_mxmoe_g1_a4w4_16x128x256_f16in_hpf_nt_xcd4,1.2%,0.0,flydsl_moe2_layout_afp4_wfp4_bf16_t16x128x128_atomic_sbm16,1.2%,16.7019,0,0,0,6.03,54244.98,,0.0
gfx950,256,4,4096,256,288,8,ActivationType.Silu,torch.bfloat16,torch.float4_e2m1fn_x2,torch.float4_e2m1fn_x2,QuantType.per_1x32,1,0,16,0,18.8015,flydsl_mxmoe_g1_a4w4_16x128x256_f16in_hpf_nt,1.2%,0.0,flydsl_moe2_layout_afp4_wfp4_bf16_t16x128x256_atomic_sbm16,1.2%,18.8015,0,0,0,10.71,48188.65,,0.0
gfx950,256,8,4096,256,288,8,ActivationType.Silu,torch.bfloat16,torch.float4_e2m1fn_x2,torch.float4_e2m1fn_x2,QuantType.per_1x32,1,0,16,0,24.0068,flydsl_mxmoe_g1_a4w4_16x128x256_f16in_hpf_nt,1.2%,0.0,flydsl_moe2_layout_afp4_wfp4_bf16_t16x128x256_atomic_nt_sbm16,1.2%,24.0068,0,0,0,16.77,37742.14,,0.0
gfx950,256,16,4096,256,288,8,ActivationType.Silu,torch.bfloat16,torch.float4_e2m1fn_x2,torch.float4_e2m1fn_x2,QuantType.per_1x32,1,0,16,0,35.8854,flydsl_mxmoe_g1_a4w4_16x128x256_f16in_hpf_nt,1.1%,0.0,flydsl_moe2_layout_afp4_wfp4_bf16_t16x256x128_atomic_nt_sbm16,1.1%,35.8854,0,0,0,22.44,25251.67,,0.0
gfx950,256,32,4096,256,288,8,ActivationType.Silu,torch.bfloat16,torch.float4_e2m1fn_x2,torch.float4_e2m1fn_x2,QuantType.per_1x32,1,0,16,0,53.3213,flydsl_mxmoe_g1_a4w4_16x128x256_f16in_hpf_nt_xcd2,1.1%,0.0,flydsl_moe2_layout_afp4_wfp4_bf16_t16x256x128_atomic_nt_sbm16,1.1%,53.3213,0,0,0,30.21,16998.14,,
gfx950,256,64,4096,256,288,8,ActivationType.Silu,torch.bfloat16,torch.float4_e2m1fn_x2,torch.float4_e2m1fn_x2,QuantType.per_1x32,1,0,16,0,76.0987,flydsl_mxmoe_g1_a4w4_16x128x256_f16in_hpf_nt_xcd2,1.1%,0.0,flydsl_moe2_layout_afp4_wfp4_bf16_t16x256x128_atomic_sbm16,1.1%,76.0987,0,0,0,42.33,11915.53,,0.0
gfx950,256,128,4096,256,288,8,ActivationType.Silu,torch.bfloat16,torch.float4_e2m1fn_x2,torch.float4_e2m1fn_x2,QuantType.per_1x32,1,0,16,0,86.5644,flydsl_mxmoe_g1_a4w4_16x128x256_f16in_hpf_nt_xcd2,1.1%,0.0,flydsl_moe2_layout_afp4_wfp4_bf16_t16x128x256_atomic_sbm16,1.1%,86.5644,0,0,0,74.42,10484.02,,0.0
gfx950,256,256,4096,256,288,8,ActivationType.Silu,torch.bfloat16,torch.float4_e2m1fn_x2,torch.float4_e2m1fn_x2,QuantType.per_1x32,1,0,16,0,89.5751,flydsl_mxmoe_g1_a4w4_16x128x256_f16in_hpf_nt_xcd2,1.1%,0.0,flydsl_moe2_layout_afp4_wfp4_bf16_t16x128x256_atomic_persist_sbm16,1.1%,89.5751,0,0,0,143.84,10149.2,,0.0
gfx950,256,512,4096,256,288,8,ActivationType.Silu,torch.bfloat16,torch.float4_e2m1fn_x2,torch.float4_e2m1fn_x2,QuantType.per_1x32,1,0,32,0,104.6485,flydsl_mxmoe_g1_a4w4_32x64x256_nt_kw4_xcd2_w2,1.1%,0.0,flydsl_moe2_layout_afp4_wfp4_bf16_t32x128x128_atomic_persist_sbm32,1.1%,104.6485,0,0,0,246.25,8717.38,,0.0
gfx950,256,1024,4096,256,288,8,ActivationType.Silu,torch.bfloat16,torch.float4_e2m1fn_x2,torch.float4_e2m1fn_x2,QuantType.per_1x32,1,0,64,0,126.6069,flydsl_mxmoe_g1_a4w4_64x128x256_nt_xcd4,1.1%,0.0,flydsl_moe2_layout_afp4_wfp4_bf16_t64x128x256_reduce_sbm64,1.1%,126.6069,0,0,0,407.08,7255.15,,0.0
gfx950,256,2048,4096,256,288,8,ActivationType.Silu,torch.bfloat16,torch.float4_e2m1fn_x2,torch.float4_e2m1fn_x2,QuantType.per_1x32,1,0,64,0,168.0772,flydsl_mxmoe_g1_a4w4_64x256x256_nt_xcd2,1.1%,0.0,flydsl_moe2_layout_afp4_wfp4_bf16_t64x128x128_reduce_persist_nt_sbm64,1.1%,168.0772,0,0,0,613.28,5539.93,,0.0
gfx950,256,4096,4096,256,288,8,ActivationType.Silu,torch.bfloat16,torch.float4_e2m1fn_x2,torch.float4_e2m1fn_x2,QuantType.per_1x32,1,0,64,0,251.6057,flydsl_mxmoe_g1_a4w4_64x256x256_xcd4,1.1%,0.0,flydsl_moe2_layout_afp4_wfp4_bf16_t64x128x128_reduce_persist_sbm64,1.1%,251.6057,0,0,0,819.37,3800.79,,0.0
gfx950,256,8192,4096,256,288,8,ActivationType.Silu,torch.bfloat16,torch.float4_e2m1fn_x2,torch.float4_e2m1fn_x2,QuantType.per_1x32,1,0,128,0,457.3788,flydsl_mxmoe_g1_a4w4_128x256x256_xcd2,1.1%,0.0,flydsl_moe2_layout_afp4_wfp4_bf16_t128x256x128_reduce_nt_sbm128,1.1%,457.3788,0,0,0,901.48,2200.87,,0.0
gfx950,256,1,4096,256,289,9,ActivationType.Silu,torch.bfloat16,torch.float4_e2m1fn_x2,torch.float4_e2m1fn_x2,QuantType.per_1x32,1,0,16,0,15.7622,flydsl_mxmoe_g1_a4w4_16x128x256_f16in_hpf_nt,1.1%,0.0,flydsl_moe2_layout_afp4_wfp4_bf16_t16x128x256_atomic_sbm16,1.1%,15.7622,0,0,0,3.59,57677.72,,0.0
gfx950,256,2,4096,256,289,9,ActivationType.Silu,torch.bfloat16,torch.float4_e2m1fn_x2,torch.float4_e2m1fn_x2,QuantType.per_1x32,1,0,16,0,17.6569,flydsl_mxmoe_g1_a4w4_16x128x256_f16in_hpf_nt,1.2%,0.0,flydsl_moe2_layout_afp4_wfp4_bf16_t16x128x128_atomic_sbm16,1.2%,17.6569,0,0,0,6.41,51489.22,,0.0
gfx950,256,4,4096,256,289,9,ActivationType.Silu,torch.bfloat16,torch.float4_e2m1fn_x2,torch.float4_e2m1fn_x2,QuantType.per_1x32,1,0,16,0,18.166,flydsl_mxmoe_g1_a4w4_16x128x256_f16in_hpf_nt,1.2%,0.0,flydsl_moe2_layout_afp4_wfp4_bf16_t16x256x256_atomic_sbm16,1.2%,18.166,0,0,0,12.47,50047.59,,0.0
gfx950,256,8,4096,256,289,9,ActivationType.Silu,torch.bfloat16,torch.float4_e2m1fn_x2,torch.float4_e2m1fn_x2,QuantType.per_1x32,1,0,16,0,23.7205,flydsl_mxmoe_g1_a4w4_16x128x256_f16in_hpf_nt,1.1%,0.0,flydsl_moe2_layout_afp4_wfp4_bf16_t16x128x256_atomic_nt_sbm16,1.1%,23.7205,0,0,0,19.1,38330.29,,0.0
gfx950,256,16,4096,256,289,9,ActivationType.Silu,torch.bfloat16,torch.float4_e2m1fn_x2,torch.float4_e2m1fn_x2,QuantType.per_1x32,1,0,16,0,35.7706,flydsl_mxmoe_g1_a4w4_16x128x256_f16in_nt,1.2%,0.0,flydsl_moe2_layout_afp4_wfp4_bf16_t16x256x128_atomic_nt_sbm16,1.2%,35.7706,0,0,0,25.33,25420.65,,
gfx950,256,32,4096,256,289,9,ActivationType.Silu,torch.bfloat16,torch.float4_e2m1fn_x2,torch.float4_e2m1fn_x2,QuantType.per_1x32,1,0,16,0,56.2574,flydsl_mxmoe_g1_a4w4_16x128x256_f16in_nt,1.1%,0.0,flydsl_moe2_layout_afp4_wfp4_bf16_t16x128x256_atomic_nt_sbm16,1.1%,56.2574,0,0,0,32.21,16166.92,,
gfx950,256,64,4096,256,289,9,ActivationType.Silu,torch.bfloat16,torch.float4_e2m1fn_x2,torch.float4_e2m1fn_x2,QuantType.per_1x32,1,0,16,0,74.127,flydsl_mxmoe_g1_a4w4_16x128x256_f16in_hpf_nt,1.1%,0.0,flydsl_moe2_layout_afp4_wfp4_bf16_t16x128x128_atomic_sbm16,1.1%,74.127,0,0,0,48.89,12274.9,,0.0
gfx950,256,128,4096,256,289,9,ActivationType.Silu,torch.bfloat16,torch.float4_e2m1fn_x2,torch.float4_e2m1fn_x2,QuantType.per_1x32,1,0,16,0,86.4183,flydsl_mxmoe_g1_a4w4_16x128x256_f16in_hpf_nt_xcd4,1.1%,0.0,flydsl_moe2_layout_afp4_wfp4_bf16_t16x128x256_atomic_sbm16,1.1%,86.4183,0,0,0,83.87,10538.14,,0.0
gfx950,256,256,4096,256,289,9,ActivationType.Silu,torch.bfloat16,torch.float4_e2m1fn_x2,torch.float4_e2m1fn_x2,QuantType.per_1x32,1,0,16,0,91.8508,flydsl_mxmoe_g1_a4w4_16x128x256_f16in_hpf_nt_xcd2,1.1%,0.0,flydsl_moe2_layout_afp4_wfp4_bf16_t16x128x256_atomic_persist_sbm16,1.1%,91.8508,0,0,0,157.82,9931.99,,0.0
gfx950,256,512,4096,256,289,9,ActivationType.Silu,torch.bfloat16,torch.float4_e2m1fn_x2,torch.float4_e2m1fn_x2,QuantType.per_1x32,1,0,32,0,109.0228,flydsl_mxmoe_g1_a4w4_32x64x256_nt_kw4_xcd2_w2,1.1%,0.0,flydsl_moe2_layout_afp4_wfp4_bf16_t32x128x128_reduce_sbm32,1.1%,109.0228,0,0,0,265.92,8396.47,,0.0
gfx950,256,1024,4096,256,289,9,ActivationType.Silu,torch.bfloat16,torch.float4_e2m1fn_x2,torch.float4_e2m1fn_x2,QuantType.per_1x32,1,0,64,0,133.3593,flydsl_mxmoe_g1_a4w4_64x128x256_nt_xcd4,1.1%,0.0,flydsl_moe2_layout_afp4_wfp4_bf16_t64x128x256_reduce_sbm64,1.1%,133.3593,0,0,0,434.78,6911.39,,0.0
gfx950,256,2048,4096,256,289,9,ActivationType.Silu,torch.bfloat16,torch.float4_e2m1fn_x2,torch.float4_e2m1fn_x2,QuantType.per_1x32,1,0,64,0,189.0806,flydsl_mxmoe_g1_a4w4_64x128x256_nt_xcd4,1.1%,0.0,flydsl_moe2_layout_afp4_wfp4_bf16_t64x128x128_reduce_persist_sbm64,1.1%,189.0806,0,0,0,613.31,4941.18,,0.0
gfx950,256,4096,4096,256,289,9,ActivationType.Silu,torch.bfloat16,torch.float4_e2m1fn_x2,torch.float4_e2m1fn_x2,QuantType.per_1x32,1,0,64,0,280.3551,flydsl_mxmoe_g1_a4w4_64x256x256_xcd2,1.1%,0.0,flydsl_moe2_layout_afp4_wfp4_bf16_t64x128x128_reduce_persist_nt_sbm64,1.1%,280.3551,0,0,0,827.27,3422.26,,0.0
gfx950,256,8192,4096,256,289,9,ActivationType.Silu,torch.bfloat16,torch.float4_e2m1fn_x2,torch.float4_e2m1fn_x2,QuantType.per_1x32,1,0,128,0,502.0583,flydsl_mxmoe_g1_a4w4_128x256x256_xcd4,1.1%,0.0,flydsl_moe2_layout_afp4_wfp4_bf16_t128x256x128_reduce_nt_sbm128,1.1%,502.0583,0,0,0,923.91,2011.28,,0.0
gfx950,256,1,4096,512,288,8,ActivationType.Silu,torch.bfloat16,torch.float4_e2m1fn_x2,torch.float4_e2m1fn_x2,QuantType.per_1x32,1,0,16,0,16.1081,flydsl_mxmoe_g1_a4w4_16x128x256_f16in_hpf_nt_xcd4,1.0%,0.0,flydsl_moe2_layout_afp4_wfp4_bf16_t16x128x256_atomic_sbm16,1.0%,16.1081,0,0,0,6.25,112486.99,,0.0
gfx950,256,2,4096,512,288,8,ActivationType.Silu,torch.bfloat16,torch.float4_e2m1fn_x2,torch.float4_e2m1fn_x2,QuantType.per_1x32,1,0,16,0,17.4393,flydsl_mxmoe_g1_a4w4_16x128x256_f16in_hpf_nt,1.0%,0.0,flydsl_moe2_layout_afp4_wfp4_bf16_t16x128x256_atomic_sbm16,1.0%,17.4393,0,0,0,11.54,103901.18,,0.0
gfx950,256,4,4096,512,288,8,ActivationType.Silu,torch.bfloat16,torch.float4_e2m1fn_x2,torch.float4_e2m1fn_x2,QuantType.per_1x32,1,0,16,0,24.6884,flydsl_mxmoe_g1_a4w4_16x128x256_f16in_hpf_nt,1.1%,0.0,flydsl_moe2_layout_afp4_wfp4_bf16_t16x128x256_atomic_nt_sbm16,1.1%,24.6884,0,0,0,16.31,73394.33,,0.0
gfx950,256,8,4096,512,288,8,ActivationType.Silu,torch.bfloat16,torch.float4_e2m1fn_x2,torch.float4_e2m1fn_x2,QuantType.per_1x32,1,0,16,0,37.0992,flydsl_mxmoe_g1_a4w4_16x128x256_f16in_nt_xcd2,1.1%,0.0,flydsl_moe2_layout_afp4_wfp4_bf16_t16x256x256_atomic_nt_sbm16,1.1%,37.0992,0,0,0,21.71,48843.04,,0.0
gfx950,256,16,4096,512,288,8,ActivationType.Silu,torch.bfloat16,torch.float4_e2m1fn_x2,torch.float4_e2m1fn_x2,QuantType.per_1x32,1,0,16,0,61.5272,flydsl_mxmoe_g1_a4w4_16x256x256_f16in_hpf_nt,1.1%,0.0,flydsl_moe2_layout_afp4_wfp4_bf16_t16x128x256_atomic_nt_sbm16,1.1%,61.5272,0,0,0,26.18,29452.6,,
gfx950,256,32,4096,512,288,8,ActivationType.Silu,torch.bfloat16,torch.float4_e2m1fn_x2,torch.float4_e2m1fn_x2,QuantType.per_1x32,1,0,16,0,92.6033,flydsl_mxmoe_g1_a4w4_16x128x256_f16in_nt,1.1%,0.0,flydsl_moe2_layout_afp4_wfp4_bf16_t16x128x128_atomic_sbm16,1.1%,92.6033,0,0,0,34.79,19570.93,,
gfx950,256,64,4096,512,288,8,ActivationType.Silu,torch.bfloat16,torch.float4_e2m1fn_x2,torch.float4_e2m1fn_x2,QuantType.per_1x32,1,0,16,0,135.7376,flydsl_mxmoe_g1_a4w4_16x128x256_f16in_hpf_nt_xcd2,1.1%,0.0,flydsl_moe2_layout_afp4_wfp4_bf16_t16x128x128_atomic_nt_sbm16,1.1%,135.7376,0,0,0,47.46,13354.63,,0.0
gfx950,256,128,4096,512,288,8,ActivationType.Silu,torch.bfloat16,torch.float4_e2m1fn_x2,torch.float4_e2m1fn_x2,QuantType.per_1x32,1,0,16,0,151.1164,flydsl_mxmoe_g1_a4w4_16x128x256_f16in_nt_xcd4,1.1%,0.0,flydsl_moe2_layout_afp4_wfp4_bf16_t16x128x128_atomic_nt_sbm16,1.1%,151.1164,0,0,0,85.26,12000.76,,0.0
gfx950,256,256,4096,512,288,8,ActivationType.Silu,torch.bfloat16,torch.float4_e2m1fn_x2,torch.float4_e2m1fn_x2,QuantType.per_1x32,1,0,16,0,161.007,flydsl_mxmoe_g1_a4w4_16x128x256_f16in_hpf_nt_xcd2,1.1%,0.0,flydsl_moe2_layout_afp4_wfp4_bf16_t16x128x256_atomic_nt_sbm16,1.1%,161.007,0,0,0,160.05,11273.33,,0.0
gfx950,256,512,4096,512,288,8,ActivationType.Silu,torch.bfloat16,torch.float4_e2m1fn_x2,torch.float4_e2m1fn_x2,QuantType.per_1x32,1,0,32,0,164.4753,flydsl_mxmoe_g1_a4w4_32x64x256_nt_kw4_xcd2_w2,1.1%,0.0,flydsl_moe2_layout_afp4_wfp4_bf16_t32x128x256_atomic_nt_sbm32,1.1%,164.4753,0,0,0,313.36,11054.73,,0.0
gfx950,256,1024,4096,512,288,8,ActivationType.Silu,torch.bfloat16,torch.float4_e2m1fn_x2,torch.float4_e2m1fn_x2,QuantType.per_1x32,1,0,64,0,188.5646,flydsl_mxmoe_g1_a4w4_64x128x256_nt_xcd2,1.1%,0.0,flydsl_moe2_layout_afp4_wfp4_bf16_t64x128x256_atomic_persist_nt_sbm64,1.1%,188.5646,0,0,0,546.65,9675.85,,0.0
gfx950,256,2048,4096,512,288,8,ActivationType.Silu,torch.bfloat16,torch.float4_e2m1fn_x2,torch.float4_e2m1fn_x2,QuantType.per_1x32,1,0,64,0,246.9551,flydsl_mxmoe_g1_a4w4_64x128x256_nt_xcd4,1.1%,0.0,flydsl_moe2_layout_afp4_wfp4_bf16_t64x256x256_reduce_nt_sbm64,1.1%,246.9551,0,0,0,834.8,7439.02,,0.0
gfx950,256,4096,4096,512,288,8,ActivationType.Silu,torch.bfloat16,torch.float4_e2m1fn_x2,torch.float4_e2m1fn_x2,QuantType.per_1x32,1,0,128,0,351.4525,flydsl_mxmoe_g1_a4w4_128x256x256_xcd2,1.1%,0.0,flydsl_moe2_layout_afp4_wfp4_bf16_t128x128x128_reduce_nt_sbm128,1.1%,351.4525,0,0,0,1173.18,5298.78,,0.0
gfx950,256,8192,4096,512,288,8,ActivationType.Silu,torch.bfloat16,torch.float4_e2m1fn_x2,torch.float4_e2m1fn_x2,QuantType.per_1x32,1,0,128,0,599.0745,flydsl_mxmoe_g1_a4w4_128x256x256_xcd2,1.1%,0.0,flydsl_moe2_layout_afp4_wfp4_bf16_t128x128x128_reduce_sbm128,1.1%,599.0745,0,0,0,1376.51,3192.6,,0.0
gfx950,256,1,4096,512,289,9,ActivationType.Silu,torch.bfloat16,torch.float4_e2m1fn_x2,torch.float4_e2m1fn_x2,QuantType.per_1x32,1,0,16,0,16.3931,flydsl_mxmoe_g1_a4w4_16x128x256_f16in_hpf_nt,1.2%,0.0,flydsl_moe2_layout_afp4_wfp4_bf16_t16x128x256_atomic_sbm16,1.2%,16.3931,0,0,0,6.91,110915.15,,0.0
gfx950,256,2,4096,512,289,9,ActivationType.Silu,torch.bfloat16,torch.float4_e2m1fn_x2,torch.float4_e2m1fn_x2,QuantType.per_1x32,1,0,16,0,18.5769,flydsl_mxmoe_g1_a4w4_16x128x256_f16in_hpf_nt,1.1%,0.0,flydsl_moe2_layout_afp4_wfp4_bf16_t16x128x256_atomic_sbm16,1.1%,18.5769,0,0,0,12.19,97877.22,,0.0
gfx950,256,4,4096,512,289,9,ActivationType.Silu,torch.bfloat16,torch.float4_e2m1fn_x2,torch.float4_e2m1fn_x2,QuantType.per_1x32,1,0,16,0,28.6439,flydsl_mxmoe_g1_a4w4_16x256x256_f16in_hpf_nt_xcd4,1.2%,0.0,flydsl_moe2_layout_afp4_wfp4_bf16_t16x128x256_atomic_nt_sbm16,1.2%,28.6439,0,0,0,15.81,63478.78,,0.0
gfx950,256,8,4096,512,289,9,ActivationType.Silu,torch.bfloat16,torch.float4_e2m1fn_x2,torch.float4_e2m1fn_x2,QuantType.per_1x32,1,0,16,0,44.3443,flydsl_mxmoe_g1_a4w4_16x128x256_f16in_hpf_nt,1.2%,0.0,flydsl_moe2_layout_afp4_wfp4_bf16_t16x128x256_atomic_nt_sbm16,1.2%,44.3443,0,0,0,20.43,41004.8,,0.0
gfx950,256,16,4096,512,289,9,ActivationType.Silu,torch.bfloat16,torch.float4_e2m1fn_x2,torch.float4_e2m1fn_x2,QuantType.per_1x32,1,0,16,0,66.6266,flydsl_mxmoe_g1_a4w4_16x128x256_f16in_hpf_nt,1.2%,0.0,flydsl_moe2_layout_afp4_wfp4_bf16_t16x128x128_atomic_sbm16,1.2%,66.6266,0,0,0,27.2,27292.81,,
gfx950,256,32,4096,512,289,9,ActivationType.Silu,torch.bfloat16,torch.float4_e2m1fn_x2,torch.float4_e2m1fn_x2,QuantType.per_1x32,1,0,16,0,96.7395,flydsl_mxmoe_g1_a4w4_16x128x256_f16in_hpf_nt_xcd2,1.2%,0.0,flydsl_moe2_layout_afp4_wfp4_bf16_t16x128x256_atomic_sbm16,1.2%,96.7395,0,0,0,37.46,18799.19,,
gfx950,256,64,4096,512,289,9,ActivationType.Silu,torch.bfloat16,torch.float4_e2m1fn_x2,torch.float4_e2m1fn_x2,QuantType.per_1x32,1,0,16,0,135.069,flydsl_mxmoe_g1_a4w4_16x128x256_f16in_hpf_nt_xcd2,1.2%,0.0,flydsl_moe2_layout_afp4_wfp4_bf16_t16x128x128_atomic_nt_sbm16,1.2%,135.069,0,0,0,53.66,13467.32,,0.0
gfx950,256,128,4096,512,289,9,ActivationType.Silu,torch.bfloat16,torch.float4_e2m1fn_x2,torch.float4_e2m1fn_x2,QuantType.per_1x32,1,0,16,0,151.4028,flydsl_mxmoe_g1_a4w4_16x128x256_f16in_nt_xcd2,1.2%,0.0,flydsl_moe2_layout_afp4_wfp4_bf16_t16x128x128_atomic_nt_sbm16,1.2%,151.4028,0,0,0,95.74,12019.62,,0.0
gfx950,256,256,4096,512,289,9,ActivationType.Silu,torch.bfloat16,torch.float4_e2m1fn_x2,torch.float4_e2m1fn_x2,QuantType.per_1x32,1,0,16,0,162.1107,flydsl_mxmoe_g1_a4w4_16x128x256_f16in_nt,1.1%,0.0,flydsl_moe2_layout_afp4_wfp4_bf16_t16x128x128_atomic_nt_sbm16,1.1%,162.1107,0,0,0,178.83,11235.39,,0.0
gfx950,256,512,4096,512,289,9,ActivationType.Silu,torch.bfloat16,torch.float4_e2m1fn_x2,torch.float4_e2m1fn_x2,QuantType.per_1x32,1,0,32,0,166.3606,flydsl_mxmoe_g1_a4w4_32x64x256_nt_kw4_xcd2_w2,1.1%,0.0,flydsl_moe2_layout_afp4_wfp4_bf16_t32x128x256_atomic_nt_sbm32,1.1%,166.3606,0,0,0,348.53,10967.27,,0.0
gfx950,256,1024,4096,512,289,9,ActivationType.Silu,torch.bfloat16,torch.float4_e2m1fn_x2,torch.float4_e2m1fn_x2,QuantType.per_1x32,1,0,64,0,195.3668,flydsl_mxmoe_g1_a4w4_64x128x256_nt_xcd2,1.1%,0.0,flydsl_moe2_layout_afp4_wfp4_bf16_t64x128x256_atomic_persist_nt_sbm64,1.1%,195.3668,0,0,0,593.57,9371.16,,0.0
gfx950,256,2048,4096,512,289,9,ActivationType.Silu,torch.bfloat16,torch.float4_e2m1fn_x2,torch.float4_e2m1fn_x2,QuantType.per_1x32,1,0,64,0,274.7347,flydsl_mxmoe_g1_a4w4_64x128x256_xcd2,1.1%,0.0,flydsl_moe2_layout_afp4_wfp4_bf16_t64x128x256_reduce_persist_sbm64,1.1%,274.7347,0,0,0,844.19,6709.73,,0.0
gfx950,256,4096,4096,512,289,9,ActivationType.Silu,torch.bfloat16,torch.float4_e2m1fn_x2,torch.float4_e2m1fn_x2,QuantType.per_1x32,1,0,64,0,393.6822,flydsl_mxmoe_g1_a4w4_64x256x256_xcd4,1.1%,0.0,flydsl_moe2_layout_afp4_wfp4_bf16_t64x256x128_reduce_persist_sbm64,1.1%,393.6822,0,0,0,1178.25,4746.37,,0.0
gfx950,256,8192,4096,512,289,9,ActivationType.Silu,torch.bfloat16,torch.float4_e2m1fn_x2,torch.float4_e2m1fn_x2,QuantType.per_1x32,1,0,64,0,651.7377,flydsl_mxmoe_g1_a4w4_64x256x256_xcd2,1.1%,0.0,flydsl_moe2_layout_afp4_wfp4_bf16_t64x256x256_reduce_sbm64,1.1%,651.7377,0,0,0,1423.45,2944.27,,0.0
gfx950,256,1,4096,1024,288,8,ActivationType.Silu,torch.bfloat16,torch.float4_e2m1fn_x2,torch.float4_e2m1fn_x2,QuantType.per_1x32,1,0,16,0,17.0882,flydsl_mxmoe_g1_a4w4_16x128x256_f16in_hpf_nt,1.1%,0.0,flydsl_moe2_layout_afp4_wfp4_bf16_t16x128x256_atomic_sbm16,1.1%,17.0882,0,0,0,11.78,212069.79,,0.0
gfx950,256,2,4096,1024,288,8,ActivationType.Silu,torch.bfloat16,torch.float4_e2m1fn_x2,torch.float4_e2m1fn_x2,QuantType.per_1x32,1,0,16,0,23.6791,flydsl_mxmoe_g1_a4w4_16x128x256_f16in_hpf_nt,1.1%,0.0,flydsl_moe2_layout_afp4_wfp4_bf16_t16x128x256_atomic_nt_sbm16,1.1%,23.6791,0,0,0,17.0,153042.27,,0.0
gfx950,256,4,4096,1024,288,8,ActivationType.Silu,torch.bfloat16,torch.float4_e2m1fn_x2,torch.float4_e2m1fn_x2,QuantType.per_1x32,1,0,16,0,36.9898,flydsl_mxmoe_g1_a4w4_16x128x256_f16in_hpf_nt,1.1%,0.0,flydsl_moe2_layout_afp4_wfp4_bf16_t16x128x256_atomic_nt_sbm16,1.1%,36.9898,0,0,0,21.77,97971.0,,
gfx950,256,8,4096,1024,288,8,ActivationType.Silu,torch.bfloat16,torch.float4_e2m1fn_x2,torch.float4_e2m1fn_x2,QuantType.per_1x32,1,0,16,0,63.7068,flydsl_mxmoe_g1_a4w4_16x128x256_f16in_hpf_nt,1.1%,0.0,flydsl_moe2_layout_afp4_wfp4_bf16_t16x128x128_atomic_sbm16,1.1%,63.7068,0,0,0,25.28,56885.25,,
gfx950,256,16,4096,1024,288,8,ActivationType.Silu,torch.bfloat16,torch.float4_e2m1fn_x2,torch.float4_e2m1fn_x2,QuantType.per_1x32,1,0,16,0,108.2489,flydsl_mxmoe_g1_a4w4_16x128x256_f16in_hpf_nt,1.1%,0.0,flydsl_moe2_layout_afp4_wfp4_bf16_t16x128x256_atomic_sbm16,1.1%,108.2489,0,0,0,29.76,33479.1,,
gfx950,256,32,4096,1024,288,8,ActivationType.Silu,torch.bfloat16,torch.float4_e2m1fn_x2,torch.float4_e2m1fn_x2,QuantType.per_1x32,1,0,16,0,170.191,flydsl_mxmoe_g1_a4w4_16x128x256_f16in_nt,1.1%,0.0,flydsl_moe2_layout_afp4_wfp4_bf16_t16x128x128_atomic_nt_sbm16,1.1%,170.191,0,0,0,37.85,21295.32,,0.0
gfx950,256,64,4096,1024,288,8,ActivationType.Silu,torch.bfloat16,torch.float4_e2m1fn_x2,torch.float4_e2m1fn_x2,QuantType.per_1x32,1,0,16,0,242.1072,flydsl_mxmoe_g1_a4w4_16x128x256_f16in_nt,1.1%,0.0,flydsl_moe2_layout_afp4_wfp4_bf16_t16x128x128_atomic_nt_sbm16,1.1%,242.1072,0,0,0,53.22,14971.32,,0.0
gfx950,256,128,4096,1024,288,8,ActivationType.Silu,torch.bfloat16,torch.float4_e2m1fn_x2,torch.float4_e2m1fn_x2,QuantType.per_1x32,1,0,16,0,281.8306,flydsl_mxmoe_g1_a4w4_16x128x256_f16in_hpf_nt_xcd2,1.1%,0.0,flydsl_moe2_layout_afp4_wfp4_bf16_t16x128x128_atomic_nt_sbm16,1.1%,281.8306,0,0,0,91.44,12863.94,,0.0
gfx950,256,256,4096,1024,288,8,ActivationType.Silu,torch.bfloat16,torch.float4_e2m1fn_x2,torch.float4_e2m1fn_x2,QuantType.per_1x32,1,0,16,0,291.9292,flydsl_mxmoe_g1_a4w4_16x128x256_f16in_nt_xcd2,1.1%,0.0,flydsl_moe2_layout_afp4_wfp4_bf16_t16x128x128_atomic_nt_sbm16,1.1%,291.9292,0,0,0,176.55,12424.33,,0.0
gfx950,256,512,4096,1024,288,8,ActivationType.Silu,torch.bfloat16,torch.float4_e2m1fn_x2,torch.float4_e2m1fn_x2,QuantType.per_1x32,1,0,32,0,303.9128,flydsl_mxmoe_g1_a4w4_32x64x256_nt_xcd2_w2,1.1%,0.0,flydsl_moe2_layout_afp4_wfp4_bf16_t32x128x256_atomic_nt_sbm32,1.1%,303.9128,0,0,0,339.17,11944.78,,0.0
gfx950,256,1024,4096,1024,288,8,ActivationType.Silu,torch.bfloat16,torch.float4_e2m1fn_x2,torch.float4_e2m1fn_x2,QuantType.per_1x32,1,0,64,0,327.9008,flydsl_mxmoe_g1_a4w4_64x128x256_nt_xcd2,1.1%,0.0,flydsl_moe2_layout_afp4_wfp4_bf16_t64x128x256_atomic_nt_sbm64,1.1%,327.9008,0,0,0,628.72,11090.13,,0.0
gfx950,256,2048,4096,1024,288,8,ActivationType.Silu,torch.bfloat16,torch.float4_e2m1fn_x2,torch.float4_e2m1fn_x2,QuantType.per_1x32,1,0,64,0,391.1832,flydsl_mxmoe_g1_a4w4_64x128x256_nt_xcd2,1.1%,0.0,flydsl_moe2_layout_afp4_wfp4_bf16_t64x128x256_atomic_nt_sbm64,1.1%,391.1832,0,0,0,1054.02,9328.22,,0.0
gfx950,256,4096,4096,1024,288,8,ActivationType.Silu,torch.bfloat16,torch.float4_e2m1fn_x2,torch.float4_e2m1fn_x2,QuantType.per_1x32,1,0,128,0,536.4174,flydsl_mxmoe_g1_a4w4_128x256x256_xcd2,1.1%,0.0,flydsl_moe2_layout_afp4_wfp4_bf16_t128x128x128_reduce_nt_sbm128,1.1%,536.4174,0,0,0,1537.3,6849.54,,0.0
gfx950,256,8192,4096,1024,288,8,ActivationType.Silu,torch.bfloat16,torch.float4_e2m1fn_x2,torch.float4_e2m1fn_x2,QuantType.per_1x32,1,0,128,0,857.3265,flydsl_mxmoe_g1_a4w4_128x256x256_xcd2,1.1%,0.0,flydsl_moe2_layout_afp4_wfp4_bf16_t128x128x256_atomic_persist_sbm128,1.1%,857.3265,0,0,0,1923.73,4344.37,,0.0
gfx950,256,1,4096,1024,289,9,ActivationType.Silu,torch.bfloat16,torch.float4_e2m1fn_x2,torch.float4_e2m1fn_x2,QuantType.per_1x32,1,0,16,0,18.0942,flydsl_mxmoe_g1_a4w4_16x128x256_f16in_hpf_nt,1.1%,0.0,flydsl_moe2_layout_afp4_wfp4_bf16_t16x128x256_atomic_sbm16,1.1%,18.0942,0,0,0,12.52,200974.56,,0.0
gfx950,256,2,4096,1024,289,9,ActivationType.Silu,torch.bfloat16,torch.float4_e2m1fn_x2,torch.float4_e2m1fn_x2,QuantType.per_1x32,1,0,16,0,28.5935,flydsl_mxmoe_g1_a4w4_16x256x256_f16in_hpf_nt_xcd4,1.2%,0.0,flydsl_moe2_layout_afp4_wfp4_bf16_t16x128x256_atomic_nt_sbm16,1.2%,28.5935,0,0,0,15.84,127178.77,,0.0
gfx950,256,4,4096,1024,289,9,ActivationType.Silu,torch.bfloat16,torch.float4_e2m1fn_x2,torch.float4_e2m1fn_x2,QuantType.per_1x32,1,0,16,0,45.7797,flydsl_mxmoe_g1_a4w4_16x128x256_f16in_hpf_nt,1.2%,0.0,flydsl_moe2_layout_afp4_wfp4_bf16_t16x128x256_atomic_nt_sbm16,1.2%,45.7797,0,0,0,19.79,79435.01,,0.0
gfx950,256,8,4096,1024,289,9,ActivationType.Silu,torch.bfloat16,torch.float4_e2m1fn_x2,torch.float4_e2m1fn_x2,QuantType.per_1x32,1,0,16,0,76.1502,flydsl_mxmoe_g1_a4w4_16x128x256_f16in_nt,1.1%,0.0,flydsl_moe2_layout_afp4_wfp4_bf16_t16x128x256_atomic_sbm16,1.1%,76.1502,0,0,0,23.79,47755.09,,0.0
gfx950,256,16,4096,1024,289,9,ActivationType.Silu,torch.bfloat16,torch.float4_e2m1fn_x2,torch.float4_e2m1fn_x2,QuantType.per_1x32,1,0,16,0,126.3158,flydsl_mxmoe_g1_a4w4_16x128x256_f16in_hpf_nt_xcd2,1.1%,0.0,flydsl_moe2_layout_afp4_wfp4_bf16_t16x128x256_atomic_nt_sbm16,1.1%,126.3158,0,0,0,28.69,28790.21,,0.0
gfx950,256,32,4096,1024,289,9,ActivationType.Silu,torch.bfloat16,torch.float4_e2m1fn_x2,torch.float4_e2m1fn_x2,QuantType.per_1x32,1,0,16,0,186.4521,flydsl_mxmoe_g1_a4w4_16x128x256_f16in_nt,1.1%,0.0,flydsl_moe2_layout_afp4_wfp4_bf16_t16x128x128_atomic_nt_sbm16,1.1%,186.4521,0,0,0,38.87,19505.57,,0.0
gfx950,256,64,4096,1024,289,9,ActivationType.Silu,torch.bfloat16,torch.float4_e2m1fn_x2,torch.float4_e2m1fn_x2,QuantType.per_1x32,1,0,16,0,256.6836,flydsl_mxmoe_g1_a4w4_16x128x256_f16in_nt_xcd2,1.1%,0.0,flydsl_moe2_layout_afp4_wfp4_bf16_t16x128x128_atomic_nt_sbm16,1.1%,256.6836,0,0,0,56.47,14170.16,,0.0
gfx950,256,128,4096,1024,289,9,ActivationType.Silu,torch.bfloat16,torch.float4_e2m1fn_x2,torch.float4_e2m1fn_x2,QuantType.per_1x32,1,0,16,0,290.4842,flydsl_mxmoe_g1_a4w4_16x128x256_f16in_hpf_nt_xcd2,1.1%,0.0,flydsl_moe2_layout_afp4_wfp4_bf16_t16x128x128_atomic_nt_sbm16,1.1%,290.4842,0,0,0,99.8,12524.04,,0.0
gfx950,256,256,4096,1024,289,9,ActivationType.Silu,torch.bfloat16,torch.float4_e2m1fn_x2,torch.float4_e2m1fn_x2,QuantType.per_1x32,1,0,16,0,299.2515,flydsl_mxmoe_g1_a4w4_16x128x256_f16in_nt_xcd2,1.1%,0.0,flydsl_moe2_layout_afp4_wfp4_bf16_t16x128x128_atomic_nt_sbm16,1.1%,299.2515,0,0,0,193.76,12162.37,,0.0
gfx950,256,512,4096,1024,289,9,ActivationType.Silu,torch.bfloat16,torch.float4_e2m1fn_x2,torch.float4_e2m1fn_x2,QuantType.per_1x32,1,0,32,0,305.1419,flydsl_mxmoe_g1_a4w4_32x64x256_nt_xcd2,1.1%,0.0,flydsl_moe2_layout_afp4_wfp4_bf16_t32x128x256_atomic_nt_sbm32,1.1%,305.1419,0,0,0,380.03,11937.9,,0.0
gfx950,256,1024,4096,1024,289,9,ActivationType.Silu,torch.bfloat16,torch.float4_e2m1fn_x2,torch.float4_e2m1fn_x2,QuantType.per_1x32,1,0,64,0,334.2671,flydsl_mxmoe_g1_a4w4_64x128x256_nt_xcd2,1.1%,0.0,flydsl_moe2_layout_afp4_wfp4_bf16_t64x256x128_atomic_nt_sbm64,1.1%,334.2671,0,0,0,693.84,10916.55,,0.0
gfx950,256,2048,4096,1024,289,9,ActivationType.Silu,torch.bfloat16,torch.float4_e2m1fn_x2,torch.float4_e2m1fn_x2,QuantType.per_1x32,1,0,64,0,450.7736,flydsl_mxmoe_g1_a4w4_64x128x256,1.1%,0.0,flydsl_moe2_layout_afp4_wfp4_bf16_t64x256x256_atomic_persist_sbm64,1.1%,450.7736,0,0,0,1029.02,8122.99,,
gfx950,256,4096,4096,1024,289,9,ActivationType.Silu,torch.bfloat16,torch.float4_e2m1fn_x2,torch.float4_e2m1fn_x2,QuantType.per_1x32,1,0,128,0,597.5065,flydsl_mxmoe_g1_a4w4_128x256x256_xcd2,1.1%,0.0,flydsl_moe2_layout_afp4_wfp4_bf16_t128x128x256_atomic_persist_sbm128,1.1%,597.5065,0,0,0,1552.64,6170.3,,0.0
gfx950,256,8192,4096,1024,289,9,ActivationType.Silu,torch.bfloat16,torch.float4_e2m1fn_x2,torch.float4_e2m1fn_x2,QuantType.per_1x32,1,0,128,0,958.0984,flydsl_mxmoe_g1_a4w4_128x256x256_xcd2,1.1%,0.0,flydsl_moe2_layout_afp4_wfp4_bf16_t128x128x256_atomic_persist_sbm128,1.1%,958.0984,0,0,0,1936.57,3900.56,,0.0
gfx950,256,2,4096,2048,37,10,ActivationType.Silu,torch.bfloat16,torch.float4_e2m1fn_x2,torch.float4_e2m1fn_x2,QuantType.per_1x32,1,0,32,0,33.6069,flydsl_moe1_afp4_wfp4_bf16_t32x64x256_w4_fp4,0.9%,21.008,flydsl_moe2_layout_afp4_wfp4_bf16_t32x128x128_reduce_nt_sbm32,1.1%,54.6149,0,0,0,18.43,17049.56,,0
gfx950,256,4,4096,2048,37,10,ActivationType.Silu,torch.bfloat16,torch.float4_e2m1fn_x2,torch.float4_e2m1fn_x2,QuantType.per_1x32,1,0,32,0,56.5114,flydsl_moe1_afp4_wfp4_bf16_t32x64x256_w3_kw2_fp4,0.9%,33.3661,flydsl_moe2_layout_afp4_wfp4_bf16_t32x128x256_atomic_nt_sbm32,1.1%,89.8775,0,0,0,22.4,10360.6,,0
gfx950,256,8,4096,2048,37,10,ActivationType.Silu,torch.bfloat16,torch.float4_e2m1fn_x2,torch.float4_e2m1fn_x2,QuantType.per_1x32,1,0,32,0,56.6309,flydsl_moe1_afp4_wfp4_bf16_t32x64x256_w3_kw2_fp4,0.9%,33.4999,flydsl_moe2_layout_afp4_wfp4_bf16_t32x128x128_atomic_nt_sbm32,1.1%,90.1308,0,0,0,44.67,10332.03,,0
gfx950,256,16,4096,2048,37,10,ActivationType.Silu,torch.bfloat16,torch.float4_e2m1fn_x2,torch.float4_e2m1fn_x2,QuantType.per_1x32,1,0,32,0,56.529,flydsl_moe1_afp4_wfp4_bf16_t32x64x256_w3_kw2_fp4,0.9%,33.5056,flydsl_moe2_layout_afp4_wfp4_bf16_t32x128x256_atomic_nt_sbm32,1.1%,90.0346,0,0,0,89.44,10344.16,,0
gfx950,256,32,4096,2048,37,10,ActivationType.Silu,torch.bfloat16,torch.float4_e2m1fn_x2,torch.float4_e2m1fn_x2,QuantType.per_1x32,1,0,32,0,57.2353,flydsl_moe1_afp4_wfp4_bf16_t32x64x256_w3_kw2_fp4,0.9%,33.6402,flydsl_moe2_layout_afp4_wfp4_bf16_t32x128x256_atomic_nt_sbm32,1.1%,90.8755,0,0,0,177.23,10250.6,,0
gfx950,256,64,4096,2048,37,10,ActivationType.Silu,torch.bfloat16,torch.float4_e2m1fn_x2,torch.float4_e2m1fn_x2,QuantType.per_1x32,1,0,32,0,57.7605,flydsl_moe1_afp4_wfp4_bf16_t32x64x256_w4_kw2_fp4,0.9%,34.3135,flydsl_moe2_layout_afp4_wfp4_bf16_t32x128x128_atomic_nt_sbm32,1.1%,92.074,0,0,0,349.85,10121.44,,0
gfx950,256,128,4096,2048,37,10,ActivationType.Silu,torch.bfloat16,torch.float4_e2m1fn_x2,torch.float4_e2m1fn_x2,QuantType.per_1x32,1,0,64,0,64.0389,flydsl_moe1_afp4_wfp4_bf16_t64x64x256_w4_fp4,0.9%,36.9808,flydsl_moe2_layout_afp4_wfp4_bf16_t64x128x256_atomic_nt_sbm64,1.1%,101.0197,0,0,0,637.74,9232.94,,0
gfx950,256,256,4096,2048,37,10,ActivationType.Silu,torch.bfloat16,torch.float4_e2m1fn_x2,torch.float4_e2m1fn_x2,QuantType.per_1x32,1,0,64,0,75.7635,flydsl_moe1_afp4_wfp4_bf16_t64x128x256_w3_bnt0_xcd4_fp4,0.9%,51.1843,flydsl_moe2_layout_afp4_wfp4_bf16_t64x128x256_reduce_persist_sbm64,1.1%,126.9478,0,0,0,1014.98,7359.57,,0
gfx950,256,512,4096,2048,37,10,ActivationType.Silu,torch.bfloat16,torch.float4_e2m1fn_x2,torch.float4_e2m1fn_x2,QuantType.per_1x32,1,0,64,0,96.6885,flydsl_moe1_afp4_wfp4_bf16_t64x128x256_w3_bnt0_fp4,0.9%,69.1147,flydsl_moe2_layout_afp4_wfp4_bf16_t64x256x256_reduce_persist_sbm64,1.1%,165.8032,0,0,0,1554.24,5653.85,,0
gfx950,256,1024,4096,2048,37,10,ActivationType.Silu,torch.bfloat16,torch.float4_e2m1fn_x2,torch.float4_e2m1fn_x2,QuantType.per_1x32,1,0,64,0,139.8421,flydsl_moe1_afp4_wfp4_bf16_t64x128x256_w3_bnt0_fp4,0.9%,106.6996,flydsl_moe2_layout_afp4_wfp4_bf16_t64x256x256_reduce_persist_sbm64,1.1%,246.5417,0,0,0,2090.5,3827.82,,0
gfx950,256,2048,4096,2048,37,10,ActivationType.Silu,torch.bfloat16,torch.float4_e2m1fn_x2,torch.float4_e2m1fn_x2,QuantType.per_1x32,1,0,64,0,227.3087,flydsl_moe1_afp4_wfp4_bf16_t64x128x256_w3_bnt0_fp4,0.9%,181.9428,flydsl_moe2_layout_afp4_wfp4_bf16_t64x256x256_atomic_persist_sbm64,1.1%,409.2515,0,0,0,2518.73,2336.71,,0
gfx950,256,4096,4096,2048,37,10,ActivationType.Silu,torch.bfloat16,torch.float4_e2m1fn_x2,torch.float4_e2m1fn_x2,QuantType.per_1x32,1,0,64,0,421.0955,flydsl_moe1_afp4_wfp4_bf16_t64x128x256_w2_bnt0_fp4,0.9%,329.4989,flydsl_moe2_layout_afp4_wfp4_bf16_t64x256x128_atomic_sbm64,1.1%,750.5944,0,0,0,2746.6,1307.59,,0
gfx950,256,8192,4096,2048,37,10,ActivationType.Silu,torch.bfloat16,torch.float4_e2m1fn_x2,torch.float4_e2m1fn_x2,QuantType.per_1x32,1,0,64,0,786.9972,flydsl_moe1_afp4_wfp4_bf16_t64x128x256_w3_bnt0_fp4,0.9%,612.3387,flydsl_moe2_layout_afp4_wfp4_bf16_t64x256x128_atomic_sbm64,1.1%,1399.3359,0,0,0,2946.52,737.35,,0
gfx950,256,1,4096,2048,72,8,ActivationType.Silu,torch.bfloat16,torch.float4_e2m1fn_x2,torch.float4_e2m1fn_x2,QuantType.per_1x32,1,0,32,0,15.9284,flydsl_moe1_afp4_wfp4_bf16_t32x64x256_kw2_fp4,0.9%,11.352,flydsl_moe2_layout_afp4_wfp4_bf16_t32x128x256_atomic_nt_sbm32,1.1%,27.2804,0,0,0,14.76,66419.54,,0
gfx950,256,2,4096,2048,72,8,ActivationType.Silu,torch.bfloat16,torch.float4_e2m1fn_x2,torch.float4_e2m1fn_x2,QuantType.per_1x32,1,0,32,0,27.0622,flydsl_moe1_afp4_wfp4_bf16_t32x64x256_w2_fp4,0.9%,17.6398,flydsl_moe2_layout_afp4_wfp4_bf16_t32x128x128_reduce_nt_sbm32,1.1%,44.702,0,0,0,18.01,40534.29,,0
gfx950,256,4,4096,2048,72,8,ActivationType.Silu,torch.bfloat16,torch.float4_e2m1fn_x2,torch.float4_e2m1fn_x2,QuantType.per_1x32,1,0,32,0,49.4093,flydsl_moe1_afp4_wfp4_bf16_t32x64x256_w4_fp4,0.9%,28.0464,flydsl_moe2_layout_afp4_wfp4_bf16_t32x256x128_reduce_nt_sbm32,1.1%,77.4557,0,0,0,20.79,23393.87,,0
gfx950,256,8,4096,2048,72,8,ActivationType.Silu,torch.bfloat16,torch.float4_e2m1fn_x2,torch.float4_e2m1fn_x2,QuantType.per_1x32,1,0,32,0,93.2625,flydsl_moe1_afp4_wfp4_bf16_t32x32x256_w4_fp4,0.9%,50.0277,flydsl_moe2_layout_afp4_wfp4_bf16_t32x256x128_atomic_nt_sbm32,1.1%,143.2902,0,0,0,22.48,12645.93,,0
gfx950,256,16,4096,2048,72,8,ActivationType.Silu,torch.bfloat16,torch.float4_e2m1fn_x2,torch.float4_e2m1fn_x2,QuantType.per_1x32,1,0,32,0,104.2299,flydsl_moe1_afp4_wfp4_bf16_t32x64x256_w3_fp4,0.9%,55.7094,flydsl_moe2_layout_afp4_wfp4_bf16_t32x128x256_reduce_nt_sbm32,1.1%,159.9393,0,0,0,40.28,11330.15,,0
gfx950,256,32,4096,2048,72,8,ActivationType.Silu,torch.bfloat16,torch.float4_e2m1fn_x2,torch.float4_e2m1fn_x2,QuantType.per_1x32,1,0,32,0,104.6818,flydsl_moe1_afp4_wfp4_bf16_t32x32x256_w3_kw2_fp4,0.9%,55.9555,flydsl_moe2_layout_afp4_wfp4_bf16_t32x128x256_reduce_nt_sbm32,1.1%,160.6373,0,0,0,80.21,11282.14,,0
gfx950,256,64,4096,2048,72,8,ActivationType.Silu,torch.bfloat16,torch.float4_e2m1fn_x2,torch.float4_e2m1fn_x2,QuantType.per_1x32,1,0,32,0,104.8514,flydsl_moe1_afp4_wfp4_bf16_t32x64x256_w4_kw2_fp4,0.9%,56.69,flydsl_moe2_layout_afp4_wfp4_bf16_t32x128x256_atomic_nt_sbm32,1.1%,161.5414,0,0,0,159.52,11221.43,,0
gfx950,256,128,4096,2048,72,8,ActivationType.Silu,torch.bfloat16,torch.float4_e2m1fn_x2,torch.float4_e2m1fn_x2,QuantType.per_1x32,1,0,32,0,106.1113,flydsl_moe1_afp4_wfp4_bf16_t32x64x256_w3_kw2_fp4,0.9%,57.4303,flydsl_moe2_layout_afp4_wfp4_bf16_t32x128x256_atomic_nt_sbm32,1.1%,163.5416,0,0,0,315.15,11089.0,,0
gfx950,256,256,4096,2048,72,8,ActivationType.Silu,torch.bfloat16,torch.float4_e2m1fn_x2,torch.float4_e2m1fn_x2,QuantType.per_1x32,1,0,32,0,108.1395,flydsl_moe1_afp4_wfp4_bf16_t32x64x256_w3_kw2_fp4,0.9%,60.4378,flydsl_moe2_layout_afp4_wfp4_bf16_t32x128x256_atomic_nt_sbm32,1.1%,168.5773,0,0,0,611.47,10767.08,,0
gfx950,256,512,4096,2048,72,8,ActivationType.Silu,torch.bfloat16,torch.float4_e2m1fn_x2,torch.float4_e2m1fn_x2,QuantType.per_1x32,1,0,64,0,118.5893,flydsl_moe1_afp4_wfp4_bf16_t64x64x256_w4_fp4,0.9%,67.5595,flydsl_moe2_layout_afp4_wfp4_bf16_t64x256x128_reduce_nt_sbm64,1.1%,186.1488,0,0,0,1107.49,9767.62,,0
gfx950,256,1024,4096,2048,72,8,ActivationType.Silu,torch.bfloat16,torch.float4_e2m1fn_x2,torch.float4_e2m1fn_x2,QuantType.per_1x32,1,0,64,0,147.2106,flydsl_moe1_afp4_wfp4_bf16_t64x128x256_w4_bnt0_fp4,0.9%,98.2854,flydsl_moe2_layout_afp4_wfp4_bf16_t64x128x256_atomic_persist_sbm64,1.1%,245.496,0,0,0,1679.53,7431.98,,0
gfx950,256,2048,4096,2048,72,8,ActivationType.Silu,torch.bfloat16,torch.float4_e2m1fn_x2,torch.float4_e2m1fn_x2,QuantType.per_1x32,1,0,64,0,224.6231,flydsl_moe1_afp4_wfp4_bf16_t64x128x256_w3_bnt0_fp4,0.9%,158.0868,flydsl_moe2_layout_afp4_wfp4_bf16_t64x256x128_atomic_sbm64,1.1%,382.7099,0,0,0,2154.72,4800.26,,0
gfx950,256,4096,4096,2048,72,8,ActivationType.Silu,torch.bfloat16,torch.float4_e2m1fn_x2,torch.float4_e2m1fn_x2,QuantType.per_1x32,1,0,128,0,390.0634,flydsl_moe1_afp4_wfp4_bf16_t128x128x256_w2_bnt0_fp4,0.9%,284.8854,flydsl_moe2_layout_afp4_wfp4_bf16_t64x256x128_atomic_sbm128,1.1%,674.9488,0,0,0,2443.54,2759.13,,0
gfx950,256,8192,4096,2048,72,8,ActivationType.Silu,torch.bfloat16,torch.float4_e2m1fn_x2,torch.float4_e2m1fn_x2,QuantType.per_1x32,1,0,64,0,655.1406,flydsl_moe1_afp4_wfp4_bf16_t64x128x256_w3_bnt0_fp4,0.9%,514.8045,flydsl_moe2_layout_afp4_wfp4_bf16_t64x256x128_atomic_sbm64,1.1%,1169.9451,0,0,0,2819.39,1634.78,,0
gfx950,256,1,4096,2048,73,10,ActivationType.Silu,torch.bfloat16,torch.float4_e2m1fn_x2,torch.float4_e2m1fn_x2,QuantType.per_1x32,1,0,32,0,19.6697,flydsl_moe1_afp4_wfp4_bf16_t32x64x256_w2_bnt0_fp4,0.9%,13.1411,flydsl_moe2_layout_afp4_wfp4_bf16_t32x128x256_atomic_sbm32,1.1%,32.8108,0,0,0,15.34,55991.24,,0
gfx950,256,2,4096,2048,73,10,ActivationType.Silu,torch.bfloat16,torch.float4_e2m1fn_x2,torch.float4_e2m1fn_x2,QuantType.per_1x32,1,0,32,0,33.4841,flydsl_moe1_afp4_wfp4_bf16_t32x64x256_w3_kw2_fp4,0.9%,21.2247,flydsl_moe2_layout_afp4_wfp4_bf16_t32x128x256_reduce_sbm32,1.1%,54.7088,0,0,0,18.4,33580.15,,0
gfx950,256,4,4096,2048,73,10,ActivationType.Silu,torch.bfloat16,torch.float4_e2m1fn_x2,torch.float4_e2m1fn_x2,QuantType.per_1x32,1,0,32,0,59.8171,flydsl_moe1_afp4_wfp4_bf16_t32x64x256_w4_kw2_fp4,0.9%,34.6358,flydsl_moe2_layout_afp4_wfp4_bf16_t32x128x256_atomic_nt_sbm32,1.1%,94.4529,0,0,0,21.32,19450.48,,0
gfx950,256,8,4096,2048,73,10,ActivationType.Silu,torch.bfloat16,torch.float4_e2m1fn_x2,torch.float4_e2m1fn_x2,QuantType.per_1x32,1,0,32,0,104.8566,flydsl_moe1_afp4_wfp4_bf16_t32x32x256_w4_fp4,0.9%,57.2074,flydsl_moe2_layout_afp4_wfp4_bf16_t32x128x128_reduce_nt_sbm32,1.1%,162.064,0,0,0,24.85,11336.28,,0
gfx950,256,16,4096,2048,73,10,ActivationType.Silu,torch.bfloat16,torch.float4_e2m1fn_x2,torch.float4_e2m1fn_x2,QuantType.per_1x32,1,0,32,0,105.4812,flydsl_moe1_afp4_wfp4_bf16_t32x32x256_w4_fp4,0.9%,57.6315,flydsl_moe2_layout_afp4_wfp4_bf16_t32x256x128_atomic_nt_sbm32,1.1%,163.1127,0,0,0,49.37,11264.0,,0
gfx950,256,32,4096,2048,73,10,ActivationType.Silu,torch.bfloat16,torch.float4_e2m1fn_x2,torch.float4_e2m1fn_x2,QuantType.per_1x32,1,0,32,0,106.8614,flydsl_moe1_afp4_wfp4_bf16_t32x32x256_w4_fp4,0.9%,57.9153,flydsl_moe2_layout_afp4_wfp4_bf16_t32x128x256_atomic_nt_sbm32,1.1%,164.7767,0,0,0,97.75,11151.45,,0
gfx950,256,64,4096,2048,73,10,ActivationType.Silu,torch.bfloat16,torch.float4_e2m1fn_x2,torch.float4_e2m1fn_x2,QuantType.per_1x32,1,0,32,0,108.5896,flydsl_moe1_afp4_wfp4_bf16_t32x64x256_w4_kw2_fp4,0.9%,58.3963,flydsl_moe2_layout_afp4_wfp4_bf16_t32x128x256_atomic_nt_sbm32,1.1%,166.9859,0,0,0,192.9,11006.27,,0
gfx950,256,128,4096,2048,73,10,ActivationType.Silu,torch.bfloat16,torch.float4_e2m1fn_x2,torch.float4_e2m1fn_x2,QuantType.per_1x32,1,0,32,0,109.2435,flydsl_moe1_afp4_wfp4_bf16_t32x64x256_w4_kw2_fp4,0.9%,59.702,flydsl_moe2_layout_afp4_wfp4_bf16_t32x128x256_atomic_nt_sbm32,1.1%,168.9455,0,0,0,381.33,10883.26,,0
gfx950,256,256,4096,2048,73,10,ActivationType.Silu,torch.bfloat16,torch.float4_e2m1fn_x2,torch.float4_e2m1fn_x2,QuantType.per_1x32,1,0,64,0,117.0004,flydsl_moe1_afp4_wfp4_bf16_t64x64x256_w4_fp4,0.9%,63.7265,flydsl_moe2_layout_afp4_wfp4_bf16_t64x256x128_atomic_nt_sbm64,1.1%,180.7269,0,0,0,712.95,10182.5,,0
gfx950,256,512,4096,2048,73,10,ActivationType.Silu,torch.bfloat16,torch.float4_e2m1fn_x2,torch.float4_e2m1fn_x2,QuantType.per_1x32,1,0,128,0,146.1927,flydsl_moe1_afp4_wfp4_bf16_t128x128x256_w4_fp4,0.9%,88.5935,flydsl_moe2_layout_afp4_wfp4_bf16_t128x256x128_reduce_nt_sbm128,1.1%,234.7862,0,0,0,1097.59,7851.38,,0
gfx950,256,1024,4096,2048,73,10,ActivationType.Silu,torch.bfloat16,torch.float4_e2m1fn_x2,torch.float4_e2m1fn_x2,QuantType.per_1x32,1,0,64,0,181.134,flydsl_moe1_afp4_wfp4_bf16_t64x128x256_w3_bnt0_fp4,0.9%,122.5788,flydsl_moe2_layout_afp4_wfp4_bf16_t64x256x256_atomic_persist_sbm64,1.1%,303.7128,0,0,0,1696.99,6090.25,,0
gfx950,256,2048,4096,2048,73,10,ActivationType.Silu,torch.bfloat16,torch.float4_e2m1fn_x2,torch.float4_e2m1fn_x2,QuantType.per_1x32,1,0,64,0,267.9545,flydsl_moe1_afp4_wfp4_bf16_t64x128x256_w4_bnt0_fp4,0.9%,193.0944,flydsl_moe2_layout_afp4_wfp4_bf16_t64x256x256_atomic_persist_sbm64,1.1%,461.0489,0,0,0,2235.75,4039.2,,0
gfx950,256,4096,4096,2048,73,10,ActivationType.Silu,torch.bfloat16,torch.float4_e2m1fn_x2,torch.float4_e2m1fn_x2,QuantType.per_1x32,1,0,64,0,435.3035,flydsl_moe1_afp4_wfp4_bf16_t64x128x256_w4_bnt0_fp4,0.9%,336.4769,flydsl_moe2_layout_afp4_wfp4_bf16_t64x256x128_atomic_sbm64,1.1%,771.7804,0,0,0,2671.21,2445.56,,0
gfx950,256,8192,4096,2048,73,10,ActivationType.Silu,torch.bfloat16,torch.float4_e2m1fn_x2,torch.float4_e2m1fn_x2,QuantType.per_1x32,1,0,64,0,808.4363,flydsl_moe1_afp4_wfp4_bf16_t64x128x256_w4_bnt0_fp4,0.9%,623.2747,flydsl_moe2_layout_afp4_wfp4_bf16_t64x256x128_atomic_sbm64,1.1%,1431.711,0,0,0,2879.89,1353.46,,0
gfx950,256,1,4096,2048,145,10,ActivationType.Silu,torch.bfloat16,torch.float4_e2m1fn_x2,torch.float4_e2m1fn_x2,QuantType.per_1x32,1,0,32,0,18.843,flydsl_moe1_afp4_wfp4_bf16_t32x64x256_w2_fp4,0.9%,13.1652,flydsl_moe2_layout_afp4_wfp4_bf16_t32x128x256_atomic_persist_sbm32,1.2%,32.0082,0,0,0,15.72,114003.81,,0
gfx950,256,2,4096,2048,145,10,ActivationType.Silu,torch.bfloat16,torch.float4_e2m1fn_x2,torch.float4_e2m1fn_x2,QuantType.per_1x32,1,0,32,0,33.5901,flydsl_moe1_afp4_wfp4_bf16_t32x64x256_w4_fp4,0.9%,20.7756,flydsl_moe2_layout_afp4_wfp4_bf16_t32x128x128_reduce_nt_sbm32,1.2%,54.3657,0,0,0,18.52,67120.8,,0
gfx950,256,4,4096,2048,145,10,ActivationType.Silu,torch.bfloat16,torch.float4_e2m1fn_x2,torch.float4_e2m1fn_x2,QuantType.per_1x32,1,0,32,0,60.045,flydsl_moe1_afp4_wfp4_bf16_t32x64x256_w4_kw2_fp4,0.9%,34.3776,flydsl_moe2_layout_afp4_wfp4_bf16_t32x128x128_reduce_nt_sbm32,1.1%,94.4226,0,0,0,21.32,38646.4,,0
gfx950,256,8,4096,2048,145,10,ActivationType.Silu,torch.bfloat16,torch.float4_e2m1fn_x2,torch.float4_e2m1fn_x2,QuantType.per_1x32,1,0,32,0,112.3223,flydsl_moe1_afp4_wfp4_bf16_t32x32x256_w4_fp4,0.9%,60.4291,flydsl_moe2_layout_afp4_wfp4_bf16_t32x256x128_atomic_nt_sbm32,1.2%,172.7514,0,0,0,23.31,21123.67,,0
gfx950,256,16,4096,2048,145,10,ActivationType.Silu,torch.bfloat16,torch.float4_e2m1fn_x2,torch.float4_e2m1fn_x2,QuantType.per_1x32,1,0,32,0,201.7141,flydsl_moe1_afp4_wfp4_bf16_t32x32x256_w3_kw2_fp4,0.9%,103.9135,flydsl_moe2_layout_afp4_wfp4_bf16_t32x128x128_reduce_nt_sbm32,1.2%,305.6276,0,0,0,26.35,11940.16,,0
gfx950,256,32,4096,2048,145,10,ActivationType.Silu,torch.bfloat16,torch.float4_e2m1fn_x2,torch.float4_e2m1fn_x2,QuantType.per_1x32,1,0,32,0,202.3124,flydsl_moe1_afp4_wfp4_bf16_t32x32x256_w4_kw2_fp4,0.9%,103.8564,flydsl_moe2_layout_afp4_wfp4_bf16_t32x128x128_atomic_nt_sbm32,1.1%,306.1688,0,0,0,52.61,11919.69,,0
gfx950,256,64,4096,2048,145,10,ActivationType.Silu,torch.bfloat16,torch.float4_e2m1fn_x2,torch.float4_e2m1fn_x2,QuantType.per_1x32,1,0,32,0,204.4839,flydsl_moe1_afp4_wfp4_bf16_t32x32x256_w4_kw2_fp4,0.9%,104.7774,flydsl_moe2_layout_afp4_wfp4_bf16_t32x128x128_atomic_nt_sbm32,1.1%,309.2613,0,0,0,104.16,11801.77,,0
gfx950,256,128,4096,2048,145,10,ActivationType.Silu,torch.bfloat16,torch.float4_e2m1fn_x2,torch.float4_e2m1fn_x2,QuantType.per_1x32,1,0,32,0,207.5815,flydsl_moe1_afp4_wfp4_bf16_t32x32x256_w4_kw2_fp4,0.9%,106.4218,flydsl_moe2_layout_afp4_wfp4_bf16_t32x128x128_atomic_nt_sbm32,1.1%,314.0033,0,0,0,205.17,11626.05,,0
gfx950,256,256,4096,2048,145,10,ActivationType.Silu,torch.bfloat16,torch.float4_e2m1fn_x2,torch.float4_e2m1fn_x2,QuantType.per_1x32,1,0,32,0,210.1001,flydsl_moe1_afp4_wfp4_bf16_t32x64x256_w3_kw2_fp4,0.9%,111.0076,flydsl_moe2_layout_afp4_wfp4_bf16_t32x128x128_atomic_persist_nt_sbm32,1.1%,321.1077,0,0,0,401.26,11373.72,,0
gfx950,256,512,4096,2048,145,10,ActivationType.Silu,torch.bfloat16,torch.float4_e2m1fn_x2,torch.float4_e2m1fn_x2,QuantType.per_1x32,1,0,64,0,220.1408,flydsl_moe1_afp4_wfp4_bf16_t64x64x256_w3_fp4,0.9%,118.2252,flydsl_moe2_layout_afp4_wfp4_bf16_t64x256x128_atomic_nt_sbm64,1.1%,338.366,0,0,0,761.6,10802.91,,0
gfx950,256,1024,4096,2048,145,10,ActivationType.Silu,torch.bfloat16,torch.float4_e2m1fn_x2,torch.float4_e2m1fn_x2,QuantType.per_1x32,1,0,128,0,279.6019,flydsl_moe1_afp4_wfp4_bf16_t128x64x256_w3_fp4,0.9%,162.6982,flydsl_moe2_layout_afp4_wfp4_bf16_t128x128x128_atomic_nt_sbm128,1.1%,442.3001,0,0,0,1165.26,8278.6,,0
gfx950,256,2048,4096,2048,145,10,ActivationType.Silu,torch.bfloat16,torch.float4_e2m1fn_x2,torch.float4_e2m1fn_x2,QuantType.per_1x32,1,0,64,0,343.9163,flydsl_moe1_afp4_wfp4_bf16_t64x128x256_w3_bnt0_fp4,0.9%,240.8315,flydsl_moe2_layout_afp4_wfp4_bf16_t64x256x256_atomic_persist_sbm64,1.1%,584.7478,0,0,0,1762.8,6283.41,,0
gfx950,256,4096,4096,2048,145,10,ActivationType.Silu,torch.bfloat16,torch.float4_e2m1fn_x2,torch.float4_e2m1fn_x2,QuantType.per_1x32,1,0,64,0,507.2554,flydsl_moe1_afp4_wfp4_bf16_t64x128x256_w3_bnt0_fp4,0.9%,376.1866,flydsl_moe2_layout_afp4_wfp4_bf16_t64x256x256_atomic_persist_sbm64,1.1%,883.442,0,0,0,2333.58,4187.46,,0
gfx950,256,8192,4096,2048,145,10,ActivationType.Silu,torch.bfloat16,torch.float4_e2m1fn_x2,torch.float4_e2m1fn_x2,QuantType.per_1x32,1,0,64,0,836.9355,flydsl_moe1_afp4_wfp4_bf16_t64x128x256_w3_bnt0_fp4,0.9%,655.7697,flydsl_moe2_layout_afp4_wfp4_bf16_t64x256x128_atomic_sbm64,1.1%,1492.7052,0,0,0,2762.21,2512.02,,0
gfx950,256,1,4096,2048,289,10,ActivationType.Silu,torch.bfloat16,torch.float4_e2m1fn_x2,torch.float4_e2m1fn_x2,QuantType.per_1x32,1,0,32,0,18.4392,flydsl_moe1_afp4_wfp4_bf16_t32x64x256_w2_fp4,0.9%,13.1582,flydsl_moe2_layout_afp4_wfp4_bf16_t32x128x128_atomic_sbm32,1.1%,31.5974,0,0,0,15.93,230175.12,,0
gfx950,256,2,4096,2048,289,10,ActivationType.Silu,torch.bfloat16,torch.float4_e2m1fn_x2,torch.float4_e2m1fn_x2,QuantType.per_1x32,1,0,32,0,32.9886,flydsl_moe1_afp4_wfp4_bf16_t32x64x256_w4_fp4,0.9%,20.9237,flydsl_moe2_layout_afp4_wfp4_bf16_t32x128x128_reduce_nt_sbm32,1.1%,53.9123,0,0,0,18.67,134903.31,,0
gfx950,256,4,4096,2048,289,10,ActivationType.Silu,torch.bfloat16,torch.float4_e2m1fn_x2,torch.float4_e2m1fn_x2,QuantType.per_1x32,1,0,32,0,59.8284,flydsl_moe1_afp4_wfp4_bf16_t32x64x256_w4_kw2_fp4,0.9%,33.9017,flydsl_moe2_layout_afp4_wfp4_bf16_t32x128x256_atomic_nt_sbm32,1.1%,93.7301,0,0,0,21.48,77594.84,,0
gfx950,256,8,4096,2048,289,10,ActivationType.Silu,torch.bfloat16,torch.float4_e2m1fn_x2,torch.float4_e2m1fn_x2,QuantType.per_1x32,1,0,32,0,113.5155,flydsl_moe1_afp4_wfp4_bf16_t32x32x256_w4_fp4,0.9%,60.7964,flydsl_moe2_layout_afp4_wfp4_bf16_t32x256x128_reduce_nt_sbm32,1.1%,174.3119,0,0,0,23.1,41724.18,,0
gfx950,256,16,4096,2048,289,10,ActivationType.Silu,torch.bfloat16,torch.float4_e2m1fn_x2,torch.float4_e2m1fn_x2,QuantType.per_1x32,1,0,32,0,217.589,flydsl_moe1_afp4_wfp4_bf16_t32x32x256_w4_fp4,0.9%,112.2818,flydsl_moe2_layout_afp4_wfp4_bf16_t32x128x128_atomic_nt_sbm32,1.1%,329.8708,0,0,0,24.41,22048.39,,0
gfx950,256,32,4096,2048,289,10,ActivationType.Silu,torch.bfloat16,torch.float4_e2m1fn_x2,torch.float4_e2m1fn_x2,QuantType.per_1x32,1,0,32,0,389.1782,flydsl_moe1_afp4_wfp4_bf16_t32x32x256_w4_fp4,0.9%,195.9036,flydsl_moe2_layout_afp4_wfp4_bf16_t32x128x128_reduce_nt_sbm32,1.1%,585.0818,0,0,0,27.53,12431.28,,0
gfx950,256,64,4096,2048,289,10,ActivationType.Silu,torch.bfloat16,torch.float4_e2m1fn_x2,torch.float4_e2m1fn_x2,QuantType.per_1x32,1,0,32,0,390.1201,flydsl_moe1_afp4_wfp4_bf16_t32x32x256_w4_fp4,0.9%,195.9202,flydsl_moe2_layout_afp4_wfp4_bf16_t32x128x128_atomic_nt_sbm32,1.1%,586.0403,0,0,0,54.97,12411.62,,0
gfx950,256,128,4096,2048,289,10,ActivationType.Silu,torch.bfloat16,torch.float4_e2m1fn_x2,torch.float4_e2m1fn_x2,QuantType.per_1x32,1,0,32,0,394.8675,flydsl_moe1_afp4_wfp4_bf16_t32x32x256_w4_fp4,0.9%,197.2465,flydsl_moe2_layout_afp4_wfp4_bf16_t32x128x128_atomic_nt_sbm32,1.1%,592.114,0,0,0,108.8,12285.63,,0
gfx950,256,256,4096,2048,289,10,ActivationType.Silu,torch.bfloat16,torch.float4_e2m1fn_x2,torch.float4_e2m1fn_x2,QuantType.per_1x32,1,0,32,0,402.8385,flydsl_moe1_afp4_wfp4_bf16_t32x32x256_w4_fp4,0.9%,198.8831,flydsl_moe2_layout_afp4_wfp4_bf16_t32x128x128_atomic_nt_sbm32,1.1%,601.7216,0,0,0,214.13,12092.09,,0
gfx950,256,512,4096,2048,289,10,ActivationType.Silu,torch.bfloat16,torch.float4_e2m1fn_x2,torch.float4_e2m1fn_x2,QuantType.per_1x32,1,0,32,0,411.733,flydsl_moe1_afp4_wfp4_bf16_t32x64x256_w4_kw2_fp4,0.9%,204.8084,flydsl_moe2_layout_afp4_wfp4_bf16_t32x128x128_atomic_nt_sbm32,1.1%,616.5414,0,0,0,417.97,11806.53,,0
gfx950,256,1024,4096,2048,289,10,ActivationType.Silu,torch.bfloat16,torch.float4_e2m1fn_x2,torch.float4_e2m1fn_x2,QuantType.per_1x32,1,0,64,0,426.7432,flydsl_moe1_afp4_wfp4_bf16_t64x64x256_w3_fp4,0.9%,223.7811,flydsl_moe2_layout_afp4_wfp4_bf16_t64x256x128_atomic_nt_sbm64,1.1%,650.5243,0,0,0,792.28,11199.44,,0
gfx950,256,2048,4096,2048,289,10,ActivationType.Silu,torch.bfloat16,torch.float4_e2m1fn_x2,torch.float4_e2m1fn_x2,QuantType.per_1x32,1,0,128,0,515.831,flydsl_moe1_afp4_wfp4_bf16_t128x128x256_w2_fp4,0.9%,301.0478,flydsl_moe2_layout_afp4_wfp4_bf16_t128x128x128_atomic_nt_sbm128,1.1%,816.8788,0,0,0,1261.87,8934.11,,0
gfx950,256,4096,4096,2048,289,10,ActivationType.Silu,torch.bfloat16,torch.float4_e2m1fn_x2,torch.float4_e2m1fn_x2,QuantType.per_1x32,1,0,64,0,665.421,flydsl_moe1_afp4_wfp4_bf16_t64x128x256_w3_bnt0_fp4,0.9%,477.1507,flydsl_moe2_layout_afp4_wfp4_bf16_t64x256x128_atomic_sbm64,1.1%,1142.5717,0,0,0,1804.34,6409.45,,0
gfx950,256,8192,4096,2048,289,10,ActivationType.Silu,torch.bfloat16,torch.float4_e2m1fn_x2,torch.float4_e2m1fn_x2,QuantType.per_1x32,1,0,64,0,987.6872,flydsl_moe1_afp4_wfp4_bf16_t64x128x256_w2_bnt0_fp4,0.9%,749.0484,flydsl_moe2_layout_afp4_wfp4_bf16_t64x256x128_atomic_sbm64,1.1%,1736.7356,0,0,0,2374.09,4245.66,,0
